-- phpMyAdmin SQL Dump
-- version 5.2.1
-- https://www.phpmyadmin.net/
--
-- Servidor: localhost:3306
-- Tiempo de generación: 05-02-2026 a las 04:10:27
-- Versión del servidor: 8.0.30
-- Versión de PHP: 8.3.4

SET SQL_MODE = "NO_AUTO_VALUE_ON_ZERO";
START TRANSACTION;
SET time_zone = "+00:00";


/*!40101 SET @OLD_CHARACTER_SET_CLIENT=@@CHARACTER_SET_CLIENT */;
/*!40101 SET @OLD_CHARACTER_SET_RESULTS=@@CHARACTER_SET_RESULTS */;
/*!40101 SET @OLD_COLLATION_CONNECTION=@@COLLATION_CONNECTION */;
/*!40101 SET NAMES utf8mb4 */;

--
-- Base de datos: `credits_subscription`
--

-- --------------------------------------------------------

--
-- Estructura de tabla para la tabla `cache`
--

CREATE TABLE `cache` (
  `key` varchar(255) COLLATE utf8mb4_unicode_ci NOT NULL,
  `value` mediumtext COLLATE utf8mb4_unicode_ci NOT NULL,
  `expiration` int NOT NULL
) ENGINE=InnoDB DEFAULT CHARSET=utf8mb4 COLLATE=utf8mb4_unicode_ci;

--
-- Volcado de datos para la tabla `cache`
--

INSERT INTO `cache` (`key`, `value`, `expiration`) VALUES
('laravel-cache-illuminate:queue:restart', 'i:1769747258;', 2085107258);

-- --------------------------------------------------------

--
-- Estructura de tabla para la tabla `cache_locks`
--

CREATE TABLE `cache_locks` (
  `key` varchar(255) COLLATE utf8mb4_unicode_ci NOT NULL,
  `owner` varchar(255) COLLATE utf8mb4_unicode_ci NOT NULL,
  `expiration` int NOT NULL
) ENGINE=InnoDB DEFAULT CHARSET=utf8mb4 COLLATE=utf8mb4_unicode_ci;

-- --------------------------------------------------------

--
-- Estructura de tabla para la tabla `failed_jobs`
--

CREATE TABLE `failed_jobs` (
  `id` bigint UNSIGNED NOT NULL,
  `uuid` varchar(255) COLLATE utf8mb4_unicode_ci NOT NULL,
  `connection` text COLLATE utf8mb4_unicode_ci NOT NULL,
  `queue` text COLLATE utf8mb4_unicode_ci NOT NULL,
  `payload` longtext COLLATE utf8mb4_unicode_ci NOT NULL,
  `exception` longtext COLLATE utf8mb4_unicode_ci NOT NULL,
  `failed_at` timestamp NOT NULL DEFAULT CURRENT_TIMESTAMP
) ENGINE=InnoDB DEFAULT CHARSET=utf8mb4 COLLATE=utf8mb4_unicode_ci;

-- --------------------------------------------------------

--
-- Estructura de tabla para la tabla `jobs`
--

CREATE TABLE `jobs` (
  `id` bigint UNSIGNED NOT NULL,
  `queue` varchar(255) COLLATE utf8mb4_unicode_ci NOT NULL,
  `payload` longtext COLLATE utf8mb4_unicode_ci NOT NULL,
  `attempts` tinyint UNSIGNED NOT NULL,
  `reserved_at` int UNSIGNED DEFAULT NULL,
  `available_at` int UNSIGNED NOT NULL,
  `created_at` int UNSIGNED NOT NULL
) ENGINE=InnoDB DEFAULT CHARSET=utf8mb4 COLLATE=utf8mb4_unicode_ci;

-- --------------------------------------------------------

--
-- Estructura de tabla para la tabla `job_batches`
--

CREATE TABLE `job_batches` (
  `id` varchar(255) COLLATE utf8mb4_unicode_ci NOT NULL,
  `name` varchar(255) COLLATE utf8mb4_unicode_ci NOT NULL,
  `total_jobs` int NOT NULL,
  `pending_jobs` int NOT NULL,
  `failed_jobs` int NOT NULL,
  `failed_job_ids` longtext COLLATE utf8mb4_unicode_ci NOT NULL,
  `options` mediumtext COLLATE utf8mb4_unicode_ci,
  `cancelled_at` int DEFAULT NULL,
  `created_at` int NOT NULL,
  `finished_at` int DEFAULT NULL
) ENGINE=InnoDB DEFAULT CHARSET=utf8mb4 COLLATE=utf8mb4_unicode_ci;

-- --------------------------------------------------------

--
-- Estructura de tabla para la tabla `migrations`
--

CREATE TABLE `migrations` (
  `id` int UNSIGNED NOT NULL,
  `migration` varchar(255) COLLATE utf8mb4_unicode_ci NOT NULL,
  `batch` int NOT NULL
) ENGINE=InnoDB DEFAULT CHARSET=utf8mb4 COLLATE=utf8mb4_unicode_ci;

--
-- Volcado de datos para la tabla `migrations`
--

INSERT INTO `migrations` (`id`, `migration`, `batch`) VALUES
(1, '0001_01_01_000000_create_users_table', 1),
(2, '0001_01_01_000001_create_cache_table', 1),
(3, '0001_01_01_000002_create_jobs_table', 1),
(4, '2025_08_14_170933_add_two_factor_columns_to_users_table', 1);

-- --------------------------------------------------------

--
-- Estructura de tabla para la tabla `password_reset_tokens`
--

CREATE TABLE `password_reset_tokens` (
  `email` varchar(255) COLLATE utf8mb4_unicode_ci NOT NULL,
  `token` varchar(255) COLLATE utf8mb4_unicode_ci NOT NULL,
  `created_at` timestamp NULL DEFAULT NULL
) ENGINE=InnoDB DEFAULT CHARSET=utf8mb4 COLLATE=utf8mb4_unicode_ci;

-- --------------------------------------------------------

--
-- Estructura de tabla para la tabla `report_credit_cards`
--

CREATE TABLE `report_credit_cards` (
  `id` int NOT NULL,
  `subscription_report_id` int NOT NULL,
  `bank` varchar(100) NOT NULL,
  `currency` varchar(3) NOT NULL DEFAULT 'PEN',
  `line` decimal(12,2) NOT NULL,
  `used` decimal(12,2) NOT NULL,
  `created_at` timestamp NULL DEFAULT CURRENT_TIMESTAMP,
  `updated_at` timestamp NULL DEFAULT CURRENT_TIMESTAMP ON UPDATE CURRENT_TIMESTAMP
) ENGINE=InnoDB DEFAULT CHARSET=utf8mb4 COLLATE=utf8mb4_0900_ai_ci;

--
-- Volcado de datos para la tabla `report_credit_cards`
--

INSERT INTO `report_credit_cards` (`id`, `subscription_report_id`, `bank`, `currency`, `line`, `used`, `created_at`, `updated_at`) VALUES
(1, 1, 'BCP', 'PEN', 15000.00, 8500.00, '2026-01-27 03:58:54', '2026-01-27 03:58:54'),
(2, 1, 'Interbank', 'PEN', 10000.00, 3200.00, '2026-01-27 03:58:54', '2026-01-27 03:58:54'),
(3, 2, 'BBVA', 'PEN', 20000.00, 12500.00, '2026-01-27 03:58:54', '2026-01-27 03:58:54'),
(4, 3, 'Scotiabank', 'PEN', 8000.00, 7800.00, '2026-01-27 03:58:54', '2026-01-27 03:58:54'),
(5, 4, 'BCP', 'PEN', 25000.00, 18000.00, '2026-01-27 03:58:54', '2026-01-27 03:58:54'),
(6, 4, 'Interbank', 'PEN', 12000.00, 5500.00, '2026-01-27 03:58:54', '2026-01-27 03:58:54'),
(7, 5, 'BBVA', 'PEN', 18000.00, 9200.00, '2026-01-27 03:58:54', '2026-01-27 03:58:54'),
(8, 6, 'Scotiabank', 'PEN', 10000.00, 2800.00, '2026-01-27 03:58:54', '2026-01-27 03:58:54'),
(9, 6, 'BanBif', 'PEN', 8000.00, 6500.00, '2026-01-27 03:58:54', '2026-01-27 03:58:54'),
(10, 7, 'BCP', 'PEN', 30000.00, 22000.00, '2026-01-27 03:58:54', '2026-01-27 03:58:54'),
(11, 8, 'Interbank', 'PEN', 15000.00, 14500.00, '2026-01-27 03:58:54', '2026-01-27 03:58:54'),
(12, 9, 'BBVA', 'PEN', 22000.00, 8000.00, '2026-01-27 03:58:54', '2026-01-27 03:58:54'),
(13, 10, 'Scotiabank', 'PEN', 12000.00, 4500.00, '2026-01-27 03:58:54', '2026-01-27 03:58:54'),
(14, 10, 'BanBif', 'PEN', 9000.00, 7200.00, '2026-01-27 03:58:54', '2026-01-27 03:58:54'),
(15, 11, 'BCP', 'PEN', 20000.00, 15000.00, '2026-01-27 03:58:54', '2026-01-27 03:58:54'),
(16, 12, 'Interbank', 'PEN', 18000.00, 16800.00, '2026-01-27 03:58:54', '2026-01-27 03:58:54'),
(17, 13, 'BBVA', 'PEN', 25000.00, 10500.00, '2026-01-27 03:58:54', '2026-01-27 03:58:54'),
(18, 13, 'Scotiabank', 'PEN', 10000.00, 3800.00, '2026-01-27 03:58:54', '2026-01-27 03:58:54'),
(19, 14, 'BanBif', 'PEN', 15000.00, 14200.00, '2026-01-27 03:58:54', '2026-01-27 03:58:54'),
(20, 15, 'BCP', 'PEN', 12000.00, 5500.00, '2026-01-27 03:58:54', '2026-01-27 03:58:54'),
(21, 16, 'Interbank', 'PEN', 20000.00, 18500.00, '2026-01-27 03:58:54', '2026-01-27 03:58:54'),
(22, 17, 'BBVA', 'PEN', 18000.00, 7200.00, '2026-01-27 03:58:54', '2026-01-27 03:58:54'),
(23, 17, 'Scotiabank', 'PEN', 8000.00, 4000.00, '2026-01-27 03:58:54', '2026-01-27 03:58:54'),
(24, 18, 'BanBif', 'PEN', 10000.00, 2500.00, '2026-01-27 03:58:54', '2026-01-27 03:58:54'),
(25, 19, 'BCP', 'PEN', 35000.00, 32000.00, '2026-01-27 03:58:54', '2026-01-27 03:58:54'),
(26, 20, 'Interbank', 'PEN', 15000.00, 6800.00, '2026-01-27 03:58:54', '2026-01-27 03:58:54'),
(27, 21, 'BBVA', 'PEN', 22000.00, 19500.00, '2026-01-27 03:58:54', '2026-01-27 03:58:54'),
(28, 21, 'Scotiabank', 'PEN', 12000.00, 8500.00, '2026-01-27 03:58:54', '2026-01-27 03:58:54'),
(29, 22, 'BanBif', 'PEN', 9000.00, 3200.00, '2026-01-27 03:58:54', '2026-01-27 03:58:54'),
(30, 23, 'BCP', 'PEN', 18000.00, 9000.00, '2026-01-27 03:58:54', '2026-01-27 03:58:54'),
(31, 24, 'Interbank', 'PEN', 25000.00, 24000.00, '2026-01-27 03:58:54', '2026-01-27 03:58:54'),
(32, 25, 'BBVA', 'PEN', 20000.00, 11500.00, '2026-01-27 03:58:54', '2026-01-27 03:58:54'),
(33, 25, 'Scotiabank', 'PEN', 10000.00, 5800.00, '2026-01-27 03:58:54', '2026-01-27 03:58:54'),
(34, 26, 'BanBif', 'PEN', 12000.00, 8200.00, '2026-01-27 03:58:54', '2026-01-27 03:58:54'),
(35, 27, 'BCP', 'PEN', 15000.00, 4500.00, '2026-01-27 03:58:54', '2026-01-27 03:58:54'),
(36, 28, 'Interbank', 'PEN', 18000.00, 16500.00, '2026-01-27 03:58:54', '2026-01-27 03:58:54'),
(37, 29, 'BBVA', 'PEN', 22000.00, 9800.00, '2026-01-27 03:58:54', '2026-01-27 03:58:54'),
(38, 29, 'Scotiabank', 'PEN', 8000.00, 2800.00, '2026-01-27 03:58:54', '2026-01-27 03:58:54'),
(39, 30, 'BanBif', 'PEN', 10000.00, 9500.00, '2026-01-27 03:58:54', '2026-01-27 03:58:54'),
(40, 31, 'BCP', 'PEN', 25000.00, 12000.00, '2026-01-27 03:58:54', '2026-01-27 03:58:54'),
(41, 32, 'Interbank', 'PEN', 20000.00, 7500.00, '2026-01-27 03:58:54', '2026-01-27 03:58:54'),
(42, 32, 'BBVA', 'PEN', 15000.00, 11200.00, '2026-01-27 03:58:54', '2026-01-27 03:58:54'),
(43, 33, 'Scotiabank', 'PEN', 12000.00, 10800.00, '2026-01-27 03:58:54', '2026-01-27 03:58:54'),
(44, 34, 'BanBif', 'PEN', 8000.00, 3500.00, '2026-01-27 03:58:54', '2026-01-27 03:58:54'),
(45, 35, 'BCP', 'PEN', 30000.00, 28500.00, '2026-01-27 03:58:54', '2026-01-27 03:58:54'),
(46, 36, 'Interbank', 'PEN', 18000.00, 8200.00, '2026-01-27 03:58:54', '2026-01-27 03:58:54'),
(47, 37, 'BBVA', 'PEN', 22000.00, 6500.00, '2026-01-27 03:58:54', '2026-01-27 03:58:54'),
(48, 37, 'Scotiabank', 'PEN', 10000.00, 4200.00, '2026-01-27 03:58:54', '2026-01-27 03:58:54'),
(49, 38, 'BanBif', 'PEN', 15000.00, 13800.00, '2026-01-27 03:58:54', '2026-01-27 03:58:54'),
(50, 39, 'BCP', 'PEN', 20000.00, 9500.00, '2026-01-27 03:58:54', '2026-01-27 03:58:54'),
(51, 40, 'Interbank', 'PEN', 12000.00, 5000.00, '2026-01-27 03:58:54', '2026-01-27 03:58:54'),
(52, 41, 'BBVA', 'PEN', 25000.00, 23500.00, '2026-01-27 03:58:54', '2026-01-27 03:58:54'),
(53, 41, 'Scotiabank', 'PEN', 8000.00, 7200.00, '2026-01-27 03:58:54', '2026-01-27 03:58:54'),
(54, 42, 'BanBif', 'PEN', 10000.00, 2800.00, '2026-01-27 03:58:54', '2026-01-27 03:58:54'),
(55, 43, 'BCP', 'PEN', 18000.00, 7800.00, '2026-01-27 03:58:54', '2026-01-27 03:58:54'),
(56, 44, 'Interbank', 'PEN', 20000.00, 11000.00, '2026-01-27 03:58:54', '2026-01-27 03:58:54'),
(57, 45, 'BBVA', 'PEN', 15000.00, 14200.00, '2026-01-27 03:58:54', '2026-01-27 03:58:54'),
(58, 45, 'Scotiabank', 'PEN', 12000.00, 5500.00, '2026-01-27 03:58:54', '2026-01-27 03:58:54'),
(59, 46, 'BanBif', 'PEN', 9000.00, 4000.00, '2026-01-27 03:58:54', '2026-01-27 03:58:54'),
(60, 47, 'BCP', 'PEN', 35000.00, 32500.00, '2026-01-27 03:58:54', '2026-01-27 03:58:54'),
(61, 48, 'Interbank', 'PEN', 22000.00, 8500.00, '2026-01-27 03:58:54', '2026-01-27 03:58:54'),
(62, 49, 'BBVA', 'PEN', 18000.00, 6200.00, '2026-01-27 03:58:54', '2026-01-27 03:58:54'),
(63, 49, 'Scotiabank', 'PEN', 10000.00, 3800.00, '2026-01-27 03:58:54', '2026-01-27 03:58:54'),
(64, 50, 'BanBif', 'PEN', 15000.00, 12500.00, '2026-01-27 03:58:54', '2026-01-27 03:58:54'),
(65, 51, 'BCP', 'PEN', 20000.00, 10500.00, '2026-01-27 03:58:54', '2026-01-27 03:58:54'),
(66, 52, 'Interbank', 'PEN', 12000.00, 9800.00, '2026-01-27 03:58:54', '2026-01-27 03:58:54'),
(67, 53, 'BBVA', 'PEN', 25000.00, 24200.00, '2026-01-27 03:58:54', '2026-01-27 03:58:54'),
(68, 53, 'Scotiabank', 'PEN', 8000.00, 5500.00, '2026-01-27 03:58:54', '2026-01-27 03:58:54'),
(69, 54, 'BanBif', 'PEN', 10000.00, 3200.00, '2026-01-27 03:58:54', '2026-01-27 03:58:54'),
(70, 55, 'BCP', 'PEN', 18000.00, 16500.00, '2026-01-27 03:58:54', '2026-01-27 03:58:54'),
(71, 56, 'Interbank', 'PEN', 20000.00, 7000.00, '2026-01-27 03:58:54', '2026-01-27 03:58:54'),
(72, 57, 'BBVA', 'PEN', 15000.00, 8800.00, '2026-01-27 03:58:54', '2026-01-27 03:58:54'),
(73, 57, 'Scotiabank', 'PEN', 12000.00, 4500.00, '2026-01-27 03:58:54', '2026-01-27 03:58:54'),
(74, 58, 'BanBif', 'PEN', 9000.00, 6200.00, '2026-01-27 03:58:54', '2026-01-27 03:58:54'),
(75, 59, 'BCP', 'PEN', 30000.00, 27000.00, '2026-01-27 03:58:54', '2026-01-27 03:58:54'),
(76, 60, 'Interbank', 'PEN', 22000.00, 20500.00, '2026-01-27 03:58:54', '2026-01-27 03:58:54'),
(77, 61, 'BBVA', 'PEN', 18000.00, 9200.00, '2026-01-27 03:58:54', '2026-01-27 03:58:54'),
(78, 61, 'Scotiabank', 'PEN', 10000.00, 3500.00, '2026-01-27 03:58:54', '2026-01-27 03:58:54'),
(79, 62, 'BanBif', 'PEN', 15000.00, 5800.00, '2026-01-27 03:58:54', '2026-01-27 03:58:54'),
(80, 63, 'BCP', 'PEN', 20000.00, 18200.00, '2026-01-27 03:58:54', '2026-01-27 03:58:54'),
(81, 64, 'Interbank', 'PEN', 12000.00, 8500.00, '2026-01-27 03:58:54', '2026-01-27 03:58:54'),
(82, 65, 'BBVA', 'PEN', 25000.00, 11000.00, '2026-01-27 03:58:54', '2026-01-27 03:58:54'),
(83, 65, 'Scotiabank', 'PEN', 8000.00, 2800.00, '2026-01-27 03:58:54', '2026-01-27 03:58:54'),
(84, 66, 'BanBif', 'PEN', 10000.00, 9200.00, '2026-01-27 03:58:54', '2026-01-27 03:58:54'),
(85, 67, 'BCP', 'PEN', 18000.00, 7500.00, '2026-01-27 03:58:54', '2026-01-27 03:58:54'),
(86, 68, 'Interbank', 'PEN', 20000.00, 17800.00, '2026-01-27 03:58:54', '2026-01-27 03:58:54'),
(87, 69, 'BBVA', 'PEN', 15000.00, 6000.00, '2026-01-27 03:58:54', '2026-01-27 03:58:54'),
(88, 69, 'Scotiabank', 'PEN', 12000.00, 4800.00, '2026-01-27 03:58:54', '2026-01-27 03:58:54'),
(89, 70, 'BanBif', 'PEN', 9000.00, 7500.00, '2026-01-27 03:58:54', '2026-01-27 03:58:54'),
(90, 71, 'BCP', 'PEN', 35000.00, 33000.00, '2026-01-27 03:58:54', '2026-01-27 03:58:54'),
(91, 72, 'Interbank', 'PEN', 22000.00, 10500.00, '2026-01-27 03:58:54', '2026-01-27 03:58:54'),
(92, 73, 'BBVA', 'PEN', 18000.00, 16200.00, '2026-01-27 03:58:54', '2026-01-27 03:58:54'),
(93, 73, 'Scotiabank', 'PEN', 10000.00, 5200.00, '2026-01-27 03:58:54', '2026-01-27 03:58:54'),
(94, 74, 'BanBif', 'PEN', 15000.00, 4000.00, '2026-01-27 03:58:54', '2026-01-27 03:58:54'),
(95, 75, 'BCP', 'PEN', 20000.00, 8800.00, '2026-01-27 03:58:54', '2026-01-27 03:58:54'),
(96, 76, 'Interbank', 'PEN', 12000.00, 11200.00, '2026-01-27 03:58:54', '2026-01-27 03:58:54'),
(97, 77, 'BBVA', 'PEN', 25000.00, 9500.00, '2026-01-27 03:58:54', '2026-01-27 03:58:54'),
(98, 77, 'Scotiabank', 'PEN', 8000.00, 3200.00, '2026-01-27 03:58:54', '2026-01-27 03:58:54'),
(99, 78, 'BanBif', 'PEN', 10000.00, 9800.00, '2026-01-27 03:58:54', '2026-01-27 03:58:54'),
(100, 79, 'BCP', 'PEN', 18000.00, 6500.00, '2026-01-27 03:58:54', '2026-01-27 03:58:54'),
(101, 80, 'Interbank', 'PEN', 20000.00, 12000.00, '2026-01-27 03:58:54', '2026-01-27 03:58:54'),
(102, 81, 'BBVA', 'PEN', 15000.00, 13500.00, '2026-01-27 03:58:54', '2026-01-27 03:58:54'),
(103, 81, 'Scotiabank', 'PEN', 12000.00, 7800.00, '2026-01-27 03:58:54', '2026-01-27 03:58:54'),
(104, 82, 'BanBif', 'PEN', 9000.00, 2500.00, '2026-01-27 03:58:54', '2026-01-27 03:58:54'),
(105, 83, 'BCP', 'PEN', 30000.00, 28000.00, '2026-01-27 03:58:54', '2026-01-27 03:58:54'),
(106, 84, 'Interbank', 'PEN', 22000.00, 9000.00, '2026-01-27 03:58:54', '2026-01-27 03:58:54'),
(107, 85, 'BBVA', 'PEN', 18000.00, 7200.00, '2026-01-27 03:58:54', '2026-01-27 03:58:54'),
(108, 85, 'Scotiabank', 'PEN', 10000.00, 4500.00, '2026-01-27 03:58:54', '2026-01-27 03:58:54'),
(109, 86, 'BanBif', 'PEN', 15000.00, 14000.00, '2026-01-27 03:58:54', '2026-01-27 03:58:54'),
(110, 87, 'BCP', 'PEN', 20000.00, 11500.00, '2026-01-27 03:58:54', '2026-01-27 03:58:54'),
(111, 88, 'Interbank', 'PEN', 12000.00, 5800.00, '2026-01-27 03:58:54', '2026-01-27 03:58:54'),
(112, 89, 'BBVA', 'PEN', 25000.00, 23000.00, '2026-01-27 03:58:54', '2026-01-27 03:58:54'),
(113, 89, 'Scotiabank', 'PEN', 8000.00, 6200.00, '2026-01-27 03:58:54', '2026-01-27 03:58:54'),
(114, 90, 'BanBif', 'PEN', 10000.00, 3800.00, '2026-01-27 03:58:54', '2026-01-27 03:58:54'),
(115, 91, 'BCP', 'PEN', 18000.00, 15500.00, '2026-01-27 03:58:54', '2026-01-27 03:58:54'),
(116, 92, 'Interbank', 'PEN', 20000.00, 8200.00, '2026-01-27 03:58:54', '2026-01-27 03:58:54'),
(117, 93, 'BBVA', 'PEN', 15000.00, 6800.00, '2026-01-27 03:58:54', '2026-01-27 03:58:54'),
(118, 93, 'Scotiabank', 'PEN', 12000.00, 5000.00, '2026-01-27 03:58:54', '2026-01-27 03:58:54'),
(119, 94, 'BanBif', 'PEN', 9000.00, 8500.00, '2026-01-27 03:58:54', '2026-01-27 03:58:54'),
(120, 95, 'BCP', 'PEN', 35000.00, 12000.00, '2026-01-27 03:58:54', '2026-01-27 03:58:54'),
(121, 96, 'Interbank', 'PEN', 22000.00, 19500.00, '2026-01-27 03:58:54', '2026-01-27 03:58:54'),
(122, 97, 'BBVA', 'PEN', 18000.00, 10000.00, '2026-01-27 03:58:54', '2026-01-27 03:58:54'),
(123, 97, 'Scotiabank', 'PEN', 10000.00, 3500.00, '2026-01-27 03:58:54', '2026-01-27 03:58:54'),
(124, 98, 'BanBif', 'PEN', 15000.00, 7200.00, '2026-01-27 03:58:54', '2026-01-27 03:58:54'),
(125, 99, 'BCP', 'PEN', 20000.00, 17500.00, '2026-01-27 03:58:54', '2026-01-27 03:58:54'),
(126, 100, 'Interbank', 'PEN', 12000.00, 9000.00, '2026-01-27 03:58:54', '2026-01-27 03:58:54'),
(127, 100, 'BBVA', 'PEN', 25000.00, 14500.00, '2026-01-27 03:58:54', '2026-01-27 03:58:54');

-- --------------------------------------------------------

--
-- Estructura de tabla para la tabla `report_loans`
--

CREATE TABLE `report_loans` (
  `id` int NOT NULL,
  `subscription_report_id` int NOT NULL,
  `bank` varchar(100) NOT NULL,
  `status` varchar(3) NOT NULL,
  `currency` varchar(3) NOT NULL DEFAULT 'PEN',
  `amount` decimal(12,2) NOT NULL,
  `expiration_days` int NOT NULL DEFAULT '0',
  `created_at` timestamp NULL DEFAULT CURRENT_TIMESTAMP,
  `updated_at` timestamp NULL DEFAULT CURRENT_TIMESTAMP ON UPDATE CURRENT_TIMESTAMP
) ENGINE=InnoDB DEFAULT CHARSET=utf8mb4 COLLATE=utf8mb4_0900_ai_ci;

--
-- Volcado de datos para la tabla `report_loans`
--

INSERT INTO `report_loans` (`id`, `subscription_report_id`, `bank`, `status`, `currency`, `amount`, `expiration_days`, `created_at`, `updated_at`) VALUES
(1, 1, 'BCP', 'NOR', 'PEN', 15000.00, 0, '2026-01-27 03:58:54', '2026-01-27 03:58:54'),
(2, 1, 'Interbank', 'CPP', 'PEN', 8500.50, 15, '2026-01-27 03:58:54', '2026-01-27 03:58:54'),
(3, 2, 'BBVA', 'NOR', 'PEN', 25000.00, 0, '2026-01-27 03:58:54', '2026-01-27 03:58:54'),
(4, 3, 'Scotiabank', 'DEF', 'PEN', 12000.00, 45, '2026-01-27 03:58:54', '2026-01-27 03:58:54'),
(5, 3, 'BCP', 'NOR', 'PEN', 5000.00, 0, '2026-01-27 03:58:54', '2026-01-27 03:58:54'),
(6, 3, 'Interbank', 'CPP', 'PEN', 18000.00, 22, '2026-01-27 03:58:54', '2026-01-27 03:58:54'),
(7, 4, 'BBVA', 'PER', 'PEN', 35000.00, 90, '2026-01-27 03:58:54', '2026-01-27 03:58:54'),
(8, 5, 'BanBif', 'NOR', 'PEN', 7500.00, 0, '2026-01-27 03:58:54', '2026-01-27 03:58:54'),
(9, 5, 'Scotiabank', 'NOR', 'PEN', 9800.00, 0, '2026-01-27 03:58:54', '2026-01-27 03:58:54'),
(10, 6, 'BCP', 'CPP', 'PEN', 22000.00, 28, '2026-01-27 03:58:54', '2026-01-27 03:58:54'),
(11, 7, 'Interbank', 'NOR', 'PEN', 11000.00, 0, '2026-01-27 03:58:54', '2026-01-27 03:58:54'),
(12, 7, 'BBVA', 'DEF', 'PEN', 45000.00, 55, '2026-01-27 03:58:54', '2026-01-27 03:58:54'),
(13, 7, 'Scotiabank', 'NOR', 'PEN', 6000.00, 0, '2026-01-27 03:58:54', '2026-01-27 03:58:54'),
(14, 8, 'BanBif', 'PER', 'PEN', 28000.00, 75, '2026-01-27 03:58:54', '2026-01-27 03:58:54'),
(15, 8, 'BCP', 'CPP', 'PEN', 15500.00, 18, '2026-01-27 03:58:54', '2026-01-27 03:58:54'),
(16, 10, 'Interbank', 'NOR', 'PEN', 8000.00, 0, '2026-01-27 03:58:54', '2026-01-27 03:58:54'),
(17, 11, 'BBVA', 'NOR', 'PEN', 19000.00, 0, '2026-01-27 03:58:54', '2026-01-27 03:58:54'),
(18, 11, 'Scotiabank', 'CPP', 'PEN', 32000.00, 25, '2026-01-27 03:58:54', '2026-01-27 03:58:54'),
(19, 12, 'BCP', 'DEF', 'PEN', 14000.00, 40, '2026-01-27 03:58:54', '2026-01-27 03:58:54'),
(20, 13, 'BanBif', 'NOR', 'PEN', 5500.00, 0, '2026-01-27 03:58:54', '2026-01-27 03:58:54'),
(21, 13, 'Interbank', 'NOR', 'PEN', 7200.00, 0, '2026-01-27 03:58:54', '2026-01-27 03:58:54'),
(22, 13, 'BBVA', 'CPP', 'PEN', 21000.00, 12, '2026-01-27 03:58:54', '2026-01-27 03:58:54'),
(23, 14, 'Scotiabank', 'PER', 'PEN', 48000.00, 95, '2026-01-27 03:58:54', '2026-01-27 03:58:54'),
(24, 15, 'BCP', 'NOR', 'PEN', 10000.00, 0, '2026-01-27 03:58:54', '2026-01-27 03:58:54'),
(25, 16, 'Interbank', 'DEF', 'PEN', 27000.00, 50, '2026-01-27 03:58:54', '2026-01-27 03:58:54'),
(26, 16, 'BBVA', 'NOR', 'PEN', 8900.00, 0, '2026-01-27 03:58:54', '2026-01-27 03:58:54'),
(27, 17, 'BanBif', 'CPP', 'PEN', 16000.00, 20, '2026-01-27 03:58:54', '2026-01-27 03:58:54'),
(28, 18, 'Scotiabank', 'NOR', 'PEN', 12500.00, 0, '2026-01-27 03:58:54', '2026-01-27 03:58:54'),
(29, 18, 'BCP', 'NOR', 'PEN', 9000.00, 0, '2026-01-27 03:58:54', '2026-01-27 03:58:54'),
(30, 19, 'Interbank', 'PER', 'PEN', 38000.00, 80, '2026-01-27 03:58:54', '2026-01-27 03:58:54'),
(31, 20, 'BBVA', 'NOR', 'PEN', 6500.00, 0, '2026-01-27 03:58:54', '2026-01-27 03:58:54'),
(32, 20, 'BanBif', 'CPP', 'PEN', 23000.00, 30, '2026-01-27 03:58:54', '2026-01-27 03:58:54'),
(33, 21, 'Scotiabank', 'DEF', 'PEN', 17000.00, 42, '2026-01-27 03:58:54', '2026-01-27 03:58:54'),
(34, 22, 'BCP', 'NOR', 'PEN', 11500.00, 0, '2026-01-27 03:58:54', '2026-01-27 03:58:54'),
(35, 22, 'Interbank', 'NOR', 'PEN', 7800.00, 0, '2026-01-27 03:58:54', '2026-01-27 03:58:54'),
(36, 22, 'BBVA', 'CPP', 'PEN', 29000.00, 15, '2026-01-27 03:58:54', '2026-01-27 03:58:54'),
(37, 23, 'BanBif', 'NOR', 'PEN', 4500.00, 0, '2026-01-27 03:58:54', '2026-01-27 03:58:54'),
(38, 24, 'Scotiabank', 'PER', 'PEN', 42000.00, 100, '2026-01-27 03:58:54', '2026-01-27 03:58:54'),
(39, 24, 'BCP', 'DEF', 'PEN', 18500.00, 48, '2026-01-27 03:58:54', '2026-01-27 03:58:54'),
(40, 25, 'Interbank', 'NOR', 'PEN', 9500.00, 0, '2026-01-27 03:58:54', '2026-01-27 03:58:54'),
(41, 26, 'BBVA', 'CPP', 'PEN', 26000.00, 22, '2026-01-27 03:58:54', '2026-01-27 03:58:54'),
(42, 27, 'BanBif', 'NOR', 'PEN', 8200.00, 0, '2026-01-27 03:58:54', '2026-01-27 03:58:54'),
(43, 27, 'Scotiabank', 'NOR', 'PEN', 13000.00, 0, '2026-01-27 03:58:54', '2026-01-27 03:58:54'),
(44, 28, 'BCP', 'DEF', 'PEN', 31000.00, 55, '2026-01-27 03:58:54', '2026-01-27 03:58:54'),
(45, 29, 'Interbank', 'NOR', 'PEN', 7000.00, 0, '2026-01-27 03:58:54', '2026-01-27 03:58:54'),
(46, 29, 'BBVA', 'CPP', 'PEN', 19500.00, 18, '2026-01-27 03:58:54', '2026-01-27 03:58:54'),
(47, 30, 'BanBif', 'PER', 'PEN', 36000.00, 85, '2026-01-27 03:58:54', '2026-01-27 03:58:54'),
(48, 31, 'Scotiabank', 'NOR', 'PEN', 10500.00, 0, '2026-01-27 03:58:54', '2026-01-27 03:58:54'),
(49, 32, 'BCP', 'NOR', 'PEN', 6800.00, 0, '2026-01-27 03:58:54', '2026-01-27 03:58:54'),
(50, 32, 'Interbank', 'CPP', 'PEN', 24000.00, 28, '2026-01-27 03:58:54', '2026-01-27 03:58:54'),
(51, 33, 'BBVA', 'DEF', 'PEN', 15000.00, 38, '2026-01-27 03:58:54', '2026-01-27 03:58:54'),
(52, 34, 'BanBif', 'NOR', 'PEN', 8800.00, 0, '2026-01-27 03:58:54', '2026-01-27 03:58:54'),
(53, 34, 'Scotiabank', 'NOR', 'PEN', 12200.00, 0, '2026-01-27 03:58:54', '2026-01-27 03:58:54'),
(54, 35, 'BCP', 'PER', 'PEN', 44000.00, 92, '2026-01-27 03:58:54', '2026-01-27 03:58:54'),
(55, 36, 'Interbank', 'CPP', 'PEN', 20000.00, 25, '2026-01-27 03:58:54', '2026-01-27 03:58:54'),
(56, 37, 'BBVA', 'NOR', 'PEN', 9200.00, 0, '2026-01-27 03:58:54', '2026-01-27 03:58:54'),
(57, 38, 'BanBif', 'DEF', 'PEN', 28500.00, 45, '2026-01-27 03:58:54', '2026-01-27 03:58:54'),
(58, 38, 'Scotiabank', 'NOR', 'PEN', 7500.00, 0, '2026-01-27 03:58:54', '2026-01-27 03:58:54'),
(59, 39, 'BCP', 'NOR', 'PEN', 11800.00, 0, '2026-01-27 03:58:54', '2026-01-27 03:58:54'),
(60, 39, 'Interbank', 'CPP', 'PEN', 17500.00, 20, '2026-01-27 03:58:54', '2026-01-27 03:58:54'),
(61, 40, 'BBVA', 'NOR', 'PEN', 6200.00, 0, '2026-01-27 03:58:54', '2026-01-27 03:58:54'),
(62, 41, 'BanBif', 'PER', 'PEN', 39000.00, 78, '2026-01-27 03:58:54', '2026-01-27 03:58:54'),
(63, 41, 'Scotiabank', 'DEF', 'PEN', 22500.00, 52, '2026-01-27 03:58:54', '2026-01-27 03:58:54'),
(64, 42, 'BCP', 'NOR', 'PEN', 8500.00, 0, '2026-01-27 03:58:54', '2026-01-27 03:58:54'),
(65, 43, 'Interbank', 'CPP', 'PEN', 14500.00, 15, '2026-01-27 03:58:54', '2026-01-27 03:58:54'),
(66, 44, 'BBVA', 'NOR', 'PEN', 10800.00, 0, '2026-01-27 03:58:54', '2026-01-27 03:58:54'),
(67, 44, 'BanBif', 'NOR', 'PEN', 7200.00, 0, '2026-01-27 03:58:54', '2026-01-27 03:58:54'),
(68, 45, 'Scotiabank', 'DEF', 'PEN', 33000.00, 48, '2026-01-27 03:58:54', '2026-01-27 03:58:54'),
(69, 46, 'BCP', 'NOR', 'PEN', 5800.00, 0, '2026-01-27 03:58:54', '2026-01-27 03:58:54'),
(70, 46, 'Interbank', 'CPP', 'PEN', 21500.00, 22, '2026-01-27 03:58:54', '2026-01-27 03:58:54'),
(71, 47, 'BBVA', 'PER', 'PEN', 47000.00, 88, '2026-01-27 03:58:54', '2026-01-27 03:58:54'),
(72, 48, 'BanBif', 'NOR', 'PEN', 9800.00, 0, '2026-01-27 03:58:54', '2026-01-27 03:58:54'),
(73, 49, 'Scotiabank', 'NOR', 'PEN', 13500.00, 0, '2026-01-27 03:58:54', '2026-01-27 03:58:54'),
(74, 49, 'BCP', 'CPP', 'PEN', 18000.00, 28, '2026-01-27 03:58:54', '2026-01-27 03:58:54'),
(75, 50, 'Interbank', 'DEF', 'PEN', 25500.00, 42, '2026-01-27 03:58:54', '2026-01-27 03:58:54'),
(76, 51, 'BBVA', 'NOR', 'PEN', 7800.00, 0, '2026-01-27 03:58:54', '2026-01-27 03:58:54'),
(77, 51, 'BanBif', 'NOR', 'PEN', 11200.00, 0, '2026-01-27 03:58:54', '2026-01-27 03:58:54'),
(78, 52, 'Scotiabank', 'CPP', 'PEN', 16500.00, 18, '2026-01-27 03:58:54', '2026-01-27 03:58:54'),
(79, 53, 'BCP', 'PER', 'PEN', 41000.00, 95, '2026-01-27 03:58:54', '2026-01-27 03:58:54'),
(80, 54, 'Interbank', 'NOR', 'PEN', 8200.00, 0, '2026-01-27 03:58:54', '2026-01-27 03:58:54'),
(81, 55, 'BBVA', 'DEF', 'PEN', 29500.00, 55, '2026-01-27 03:58:54', '2026-01-27 03:58:54'),
(82, 55, 'BanBif', 'CPP', 'PEN', 12800.00, 25, '2026-01-27 03:58:54', '2026-01-27 03:58:54'),
(83, 56, 'Scotiabank', 'NOR', 'PEN', 6500.00, 0, '2026-01-27 03:58:54', '2026-01-27 03:58:54'),
(84, 57, 'BCP', 'NOR', 'PEN', 10200.00, 0, '2026-01-27 03:58:54', '2026-01-27 03:58:54'),
(85, 57, 'Interbank', 'CPP', 'PEN', 23500.00, 30, '2026-01-27 03:58:54', '2026-01-27 03:58:54'),
(86, 58, 'BBVA', 'NOR', 'PEN', 9500.00, 0, '2026-01-27 03:58:54', '2026-01-27 03:58:54'),
(87, 59, 'BanBif', 'DEF', 'PEN', 34000.00, 50, '2026-01-27 03:58:54', '2026-01-27 03:58:54'),
(88, 60, 'Scotiabank', 'NOR', 'PEN', 7200.00, 0, '2026-01-27 03:58:54', '2026-01-27 03:58:54'),
(89, 60, 'BCP', 'PER', 'PEN', 46000.00, 82, '2026-01-27 03:58:54', '2026-01-27 03:58:54'),
(90, 61, 'Interbank', 'CPP', 'PEN', 15800.00, 22, '2026-01-27 03:58:54', '2026-01-27 03:58:54'),
(91, 62, 'BBVA', 'NOR', 'PEN', 8800.00, 0, '2026-01-27 03:58:54', '2026-01-27 03:58:54'),
(92, 63, 'BanBif', 'NOR', 'PEN', 12000.00, 0, '2026-01-27 03:58:54', '2026-01-27 03:58:54'),
(93, 63, 'Scotiabank', 'DEF', 'PEN', 27500.00, 45, '2026-01-27 03:58:54', '2026-01-27 03:58:54'),
(94, 64, 'BCP', 'CPP', 'PEN', 19000.00, 28, '2026-01-27 03:58:54', '2026-01-27 03:58:54'),
(95, 65, 'Interbank', 'NOR', 'PEN', 6800.00, 0, '2026-01-27 03:58:54', '2026-01-27 03:58:54'),
(96, 66, 'BBVA', 'PER', 'PEN', 43000.00, 90, '2026-01-27 03:58:54', '2026-01-27 03:58:54'),
(97, 67, 'BanBif', 'NOR', 'PEN', 10500.00, 0, '2026-01-27 03:58:54', '2026-01-27 03:58:54'),
(98, 67, 'Scotiabank', 'CPP', 'PEN', 21000.00, 18, '2026-01-27 03:58:54', '2026-01-27 03:58:54'),
(99, 68, 'BCP', 'DEF', 'PEN', 16000.00, 40, '2026-01-27 03:58:54', '2026-01-27 03:58:54'),
(100, 69, 'Interbank', 'NOR', 'PEN', 9000.00, 0, '2026-01-27 03:58:54', '2026-01-27 03:58:54'),
(101, 70, 'BBVA', 'NOR', 'PEN', 7500.00, 0, '2026-01-27 03:58:54', '2026-01-27 03:58:54'),
(102, 70, 'BanBif', 'CPP', 'PEN', 24500.00, 25, '2026-01-27 03:58:54', '2026-01-27 03:58:54'),
(103, 71, 'Scotiabank', 'PER', 'PEN', 38500.00, 78, '2026-01-27 03:58:54', '2026-01-27 03:58:54'),
(104, 72, 'BCP', 'NOR', 'PEN', 11500.00, 0, '2026-01-27 03:58:54', '2026-01-27 03:58:54'),
(105, 73, 'Interbank', 'DEF', 'PEN', 30000.00, 52, '2026-01-27 03:58:54', '2026-01-27 03:58:54'),
(106, 74, 'BBVA', 'NOR', 'PEN', 8500.00, 0, '2026-01-27 03:58:54', '2026-01-27 03:58:54'),
(107, 74, 'BanBif', 'CPP', 'PEN', 17000.00, 20, '2026-01-27 03:58:54', '2026-01-27 03:58:54'),
(108, 75, 'Scotiabank', 'NOR', 'PEN', 6200.00, 0, '2026-01-27 03:58:54', '2026-01-27 03:58:54'),
(109, 76, 'BCP', 'NOR', 'PEN', 13800.00, 0, '2026-01-27 03:58:54', '2026-01-27 03:58:54'),
(110, 76, 'Interbank', 'DEF', 'PEN', 26000.00, 48, '2026-01-27 03:58:54', '2026-01-27 03:58:54'),
(111, 77, 'BBVA', 'CPP', 'PEN', 14500.00, 15, '2026-01-27 03:58:54', '2026-01-27 03:58:54'),
(112, 78, 'BanBif', 'PER', 'PEN', 40000.00, 85, '2026-01-27 03:58:54', '2026-01-27 03:58:54'),
(113, 79, 'Scotiabank', 'NOR', 'PEN', 9800.00, 0, '2026-01-27 03:58:54', '2026-01-27 03:58:54'),
(114, 80, 'BCP', 'NOR', 'PEN', 7000.00, 0, '2026-01-27 03:58:54', '2026-01-27 03:58:54'),
(115, 80, 'Interbank', 'CPP', 'PEN', 22000.00, 28, '2026-01-27 03:58:54', '2026-01-27 03:58:54'),
(116, 81, 'BBVA', 'DEF', 'PEN', 18500.00, 42, '2026-01-27 03:58:54', '2026-01-27 03:58:54'),
(117, 82, 'BanBif', 'NOR', 'PEN', 10800.00, 0, '2026-01-27 03:58:54', '2026-01-27 03:58:54'),
(118, 83, 'Scotiabank', 'NOR', 'PEN', 8200.00, 0, '2026-01-27 03:58:54', '2026-01-27 03:58:54'),
(119, 83, 'BCP', 'PER', 'PEN', 45000.00, 92, '2026-01-27 03:58:54', '2026-01-27 03:58:54'),
(120, 84, 'Interbank', 'CPP', 'PEN', 16500.00, 22, '2026-01-27 03:58:54', '2026-01-27 03:58:54'),
(121, 85, 'BBVA', 'NOR', 'PEN', 12500.00, 0, '2026-01-27 03:58:54', '2026-01-27 03:58:54'),
(122, 86, 'BanBif', 'DEF', 'PEN', 32000.00, 55, '2026-01-27 03:58:54', '2026-01-27 03:58:54'),
(123, 87, 'Scotiabank', 'NOR', 'PEN', 7800.00, 0, '2026-01-27 03:58:54', '2026-01-27 03:58:54'),
(124, 87, 'BCP', 'CPP', 'PEN', 20500.00, 25, '2026-01-27 03:58:54', '2026-01-27 03:58:54'),
(125, 88, 'Interbank', 'NOR', 'PEN', 9500.00, 0, '2026-01-27 03:58:54', '2026-01-27 03:58:54'),
(126, 89, 'BBVA', 'PER', 'PEN', 37000.00, 80, '2026-01-27 03:58:54', '2026-01-27 03:58:54'),
(127, 90, 'BanBif', 'NOR', 'PEN', 6500.00, 0, '2026-01-27 03:58:54', '2026-01-27 03:58:54'),
(128, 90, 'Scotiabank', 'CPP', 'PEN', 23000.00, 30, '2026-01-27 03:58:54', '2026-01-27 03:58:54'),
(129, 91, 'BCP', 'DEF', 'PEN', 15500.00, 45, '2026-01-27 03:58:54', '2026-01-27 03:58:54'),
(130, 92, 'Interbank', 'NOR', 'PEN', 11000.00, 0, '2026-01-27 03:58:54', '2026-01-27 03:58:54'),
(131, 93, 'BBVA', 'NOR', 'PEN', 8000.00, 0, '2026-01-27 03:58:54', '2026-01-27 03:58:54'),
(132, 93, 'BanBif', 'CPP', 'PEN', 19500.00, 18, '2026-01-27 03:58:54', '2026-01-27 03:58:54'),
(133, 94, 'Scotiabank', 'PER', 'PEN', 42500.00, 88, '2026-01-27 03:58:54', '2026-01-27 03:58:54'),
(134, 95, 'BCP', 'NOR', 'PEN', 10200.00, 0, '2026-01-27 03:58:54', '2026-01-27 03:58:54'),
(135, 96, 'Interbank', 'DEF', 'PEN', 28000.00, 50, '2026-01-27 03:58:54', '2026-01-27 03:58:54'),
(136, 97, 'BBVA', 'NOR', 'PEN', 7200.00, 0, '2026-01-27 03:58:54', '2026-01-27 03:58:54'),
(137, 97, 'BanBif', 'CPP', 'PEN', 21500.00, 22, '2026-01-27 03:58:54', '2026-01-27 03:58:54'),
(138, 98, 'Scotiabank', 'NOR', 'PEN', 13000.00, 0, '2026-01-27 03:58:54', '2026-01-27 03:58:54'),
(139, 99, 'BCP', 'NOR', 'PEN', 9800.00, 0, '2026-01-27 03:58:54', '2026-01-27 03:58:54'),
(140, 99, 'Interbank', 'DEF', 'PEN', 35000.00, 48, '2026-01-27 03:58:54', '2026-01-27 03:58:54'),
(141, 100, 'BBVA', 'CPP', 'PEN', 17500.00, 28, '2026-01-27 03:58:54', '2026-01-27 03:58:54');

-- --------------------------------------------------------

--
-- Estructura de tabla para la tabla `report_other_debts`
--

CREATE TABLE `report_other_debts` (
  `id` int NOT NULL,
  `subscription_report_id` int NOT NULL,
  `entity` varchar(100) NOT NULL,
  `currency` varchar(3) NOT NULL DEFAULT 'PEN',
  `amount` decimal(12,2) NOT NULL,
  `expiration_days` int NOT NULL DEFAULT '0',
  `created_at` timestamp NULL DEFAULT CURRENT_TIMESTAMP,
  `updated_at` timestamp NULL DEFAULT CURRENT_TIMESTAMP ON UPDATE CURRENT_TIMESTAMP
) ENGINE=InnoDB DEFAULT CHARSET=utf8mb4 COLLATE=utf8mb4_0900_ai_ci;

--
-- Volcado de datos para la tabla `report_other_debts`
--

INSERT INTO `report_other_debts` (`id`, `subscription_report_id`, `entity`, `currency`, `amount`, `expiration_days`, `created_at`, `updated_at`) VALUES
(1, 1, 'Telefónica', 'PEN', 2500.00, 0, '2026-01-27 03:58:54', '2026-01-27 03:58:54'),
(2, 2, 'Claro', 'PEN', 1800.00, 15, '2026-01-27 03:58:54', '2026-01-27 03:58:54'),
(3, 2, 'Sedapal', 'PEN', 850.00, 0, '2026-01-27 03:58:54', '2026-01-27 03:58:54'),
(4, 3, 'Luz del Sur', 'PEN', 1200.00, 28, '2026-01-27 03:58:54', '2026-01-27 03:58:54'),
(5, 4, 'Entel', 'PEN', 3500.00, 45, '2026-01-27 03:58:54', '2026-01-27 03:58:54'),
(6, 4, 'Caja Arequipa', 'PEN', 8000.00, 0, '2026-01-27 03:58:54', '2026-01-27 03:58:54'),
(7, 5, 'Financiera Confianza', 'PEN', 5500.00, 12, '2026-01-27 03:58:54', '2026-01-27 03:58:54'),
(8, 6, 'Telefónica', 'PEN', 1500.00, 0, '2026-01-27 03:58:54', '2026-01-27 03:58:54'),
(9, 7, 'Claro', 'PEN', 2200.00, 35, '2026-01-27 03:58:54', '2026-01-27 03:58:54'),
(10, 8, 'Caja Huancayo', 'PEN', 12000.00, 60, '2026-01-27 03:58:54', '2026-01-27 03:58:54'),
(11, 8, 'Sedapal', 'PEN', 650.00, 0, '2026-01-27 03:58:54', '2026-01-27 03:58:54'),
(12, 9, 'Luz del Sur', 'PEN', 980.00, 0, '2026-01-27 03:58:54', '2026-01-27 03:58:54'),
(13, 10, 'Entel', 'PEN', 1800.00, 22, '2026-01-27 03:58:54', '2026-01-27 03:58:54'),
(14, 11, 'Caja Piura', 'PEN', 15000.00, 0, '2026-01-27 03:58:54', '2026-01-27 03:58:54'),
(15, 12, 'Financiera Credinka', 'PEN', 7500.00, 40, '2026-01-27 03:58:54', '2026-01-27 03:58:54'),
(16, 13, 'Telefónica', 'PEN', 2100.00, 0, '2026-01-27 03:58:54', '2026-01-27 03:58:54'),
(17, 13, 'Claro', 'PEN', 1650.00, 18, '2026-01-27 03:58:54', '2026-01-27 03:58:54'),
(18, 14, 'Caja Sullana', 'PEN', 9500.00, 75, '2026-01-27 03:58:54', '2026-01-27 03:58:54'),
(19, 15, 'Sedapal', 'PEN', 720.00, 0, '2026-01-27 03:58:54', '2026-01-27 03:58:54'),
(20, 16, 'Luz del Sur', 'PEN', 1100.00, 0, '2026-01-27 03:58:54', '2026-01-27 03:58:54'),
(21, 17, 'Entel', 'PEN', 2800.00, 30, '2026-01-27 03:58:54', '2026-01-27 03:58:54'),
(22, 18, 'Caja Cusco', 'PEN', 11000.00, 0, '2026-01-27 03:58:54', '2026-01-27 03:58:54'),
(23, 18, 'Financiera Oh', 'PEN', 4500.00, 25, '2026-01-27 03:58:54', '2026-01-27 03:58:54'),
(24, 19, 'Telefónica', 'PEN', 1950.00, 55, '2026-01-27 03:58:54', '2026-01-27 03:58:54'),
(25, 20, 'Claro', 'PEN', 2400.00, 0, '2026-01-27 03:58:54', '2026-01-27 03:58:54'),
(26, 21, 'Caja Trujillo', 'PEN', 8500.00, 42, '2026-01-27 03:58:54', '2026-01-27 03:58:54'),
(27, 22, 'Sedapal', 'PEN', 580.00, 0, '2026-01-27 03:58:54', '2026-01-27 03:58:54'),
(28, 22, 'Luz del Sur', 'PEN', 890.00, 0, '2026-01-27 03:58:54', '2026-01-27 03:58:54'),
(29, 23, 'Entel', 'PEN', 3200.00, 0, '2026-01-27 03:58:54', '2026-01-27 03:58:54'),
(30, 24, 'Caja Ica', 'PEN', 6500.00, 90, '2026-01-27 03:58:54', '2026-01-27 03:58:54'),
(31, 25, 'Financiera Proempresa', 'PEN', 9000.00, 0, '2026-01-27 03:58:54', '2026-01-27 03:58:54'),
(32, 26, 'Telefónica', 'PEN', 1750.00, 20, '2026-01-27 03:58:54', '2026-01-27 03:58:54'),
(33, 27, 'Claro', 'PEN', 2050.00, 0, '2026-01-27 03:58:54', '2026-01-27 03:58:54'),
(34, 28, 'Caja Tacna', 'PEN', 7000.00, 48, '2026-01-27 03:58:54', '2026-01-27 03:58:54'),
(35, 28, 'Sedapal', 'PEN', 920.00, 0, '2026-01-27 03:58:54', '2026-01-27 03:58:54'),
(36, 29, 'Luz del Sur', 'PEN', 1350.00, 0, '2026-01-27 03:58:54', '2026-01-27 03:58:54'),
(37, 30, 'Entel', 'PEN', 2650.00, 65, '2026-01-27 03:58:54', '2026-01-27 03:58:54'),
(38, 31, 'Caja Maynas', 'PEN', 10500.00, 0, '2026-01-27 03:58:54', '2026-01-27 03:58:54'),
(39, 32, 'Financiera Compartamos', 'PEN', 5000.00, 15, '2026-01-27 03:58:54', '2026-01-27 03:58:54'),
(40, 33, 'Telefónica', 'PEN', 2300.00, 38, '2026-01-27 03:58:54', '2026-01-27 03:58:54'),
(41, 34, 'Claro', 'PEN', 1900.00, 0, '2026-01-27 03:58:54', '2026-01-27 03:58:54'),
(42, 34, 'Caja Metropolitana', 'PEN', 13500.00, 0, '2026-01-27 03:58:54', '2026-01-27 03:58:54'),
(43, 35, 'Sedapal', 'PEN', 780.00, 0, '2026-01-27 03:58:54', '2026-01-27 03:58:54'),
(44, 36, 'Luz del Sur', 'PEN', 1050.00, 25, '2026-01-27 03:58:54', '2026-01-27 03:58:54'),
(45, 37, 'Entel', 'PEN', 3800.00, 0, '2026-01-27 03:58:54', '2026-01-27 03:58:54'),
(46, 38, 'Caja Arequipa', 'PEN', 9200.00, 52, '2026-01-27 03:58:54', '2026-01-27 03:58:54'),
(47, 39, 'Financiera Confianza', 'PEN', 6800.00, 0, '2026-01-27 03:58:54', '2026-01-27 03:58:54'),
(48, 39, 'Telefónica', 'PEN', 1600.00, 0, '2026-01-27 03:58:54', '2026-01-27 03:58:54'),
(49, 40, 'Claro', 'PEN', 2150.00, 0, '2026-01-27 03:58:54', '2026-01-27 03:58:54'),
(50, 41, 'Caja Huancayo', 'PEN', 14000.00, 78, '2026-01-27 03:58:54', '2026-01-27 03:58:54'),
(51, 42, 'Sedapal', 'PEN', 690.00, 0, '2026-01-27 03:58:54', '2026-01-27 03:58:54'),
(52, 43, 'Luz del Sur', 'PEN', 1280.00, 0, '2026-01-27 03:58:54', '2026-01-27 03:58:54'),
(53, 44, 'Entel', 'PEN', 2950.00, 22, '2026-01-27 03:58:54', '2026-01-27 03:58:54'),
(54, 45, 'Caja Piura', 'PEN', 8800.00, 48, '2026-01-27 03:58:54', '2026-01-27 03:58:54'),
(55, 45, 'Financiera Credinka', 'PEN', 4200.00, 0, '2026-01-27 03:58:54', '2026-01-27 03:58:54'),
(56, 46, 'Telefónica', 'PEN', 2000.00, 0, '2026-01-27 03:58:54', '2026-01-27 03:58:54'),
(57, 47, 'Claro', 'PEN', 1700.00, 88, '2026-01-27 03:58:54', '2026-01-27 03:58:54'),
(58, 48, 'Caja Sullana', 'PEN', 11500.00, 0, '2026-01-27 03:58:54', '2026-01-27 03:58:54'),
(59, 49, 'Sedapal', 'PEN', 820.00, 0, '2026-01-27 03:58:54', '2026-01-27 03:58:54'),
(60, 49, 'Luz del Sur', 'PEN', 1150.00, 28, '2026-01-27 03:58:54', '2026-01-27 03:58:54'),
(61, 50, 'Entel', 'PEN', 3100.00, 42, '2026-01-27 03:58:54', '2026-01-27 03:58:54'),
(62, 51, 'Caja Cusco', 'PEN', 7200.00, 0, '2026-01-27 03:58:54', '2026-01-27 03:58:54'),
(63, 52, 'Financiera Oh', 'PEN', 5800.00, 18, '2026-01-27 03:58:54', '2026-01-27 03:58:54'),
(64, 53, 'Telefónica', 'PEN', 2450.00, 95, '2026-01-27 03:58:54', '2026-01-27 03:58:54'),
(65, 54, 'Claro', 'PEN', 1850.00, 0, '2026-01-27 03:58:54', '2026-01-27 03:58:54'),
(66, 55, 'Caja Trujillo', 'PEN', 10000.00, 55, '2026-01-27 03:58:54', '2026-01-27 03:58:54'),
(67, 55, 'Sedapal', 'PEN', 950.00, 25, '2026-01-27 03:58:54', '2026-01-27 03:58:54'),
(68, 56, 'Luz del Sur', 'PEN', 1000.00, 0, '2026-01-27 03:58:54', '2026-01-27 03:58:54'),
(69, 57, 'Entel', 'PEN', 2700.00, 30, '2026-01-27 03:58:54', '2026-01-27 03:58:54'),
(70, 58, 'Caja Ica', 'PEN', 8200.00, 0, '2026-01-27 03:58:54', '2026-01-27 03:58:54'),
(71, 59, 'Financiera Proempresa', 'PEN', 6200.00, 50, '2026-01-27 03:58:54', '2026-01-27 03:58:54'),
(72, 60, 'Telefónica', 'PEN', 1550.00, 82, '2026-01-27 03:58:54', '2026-01-27 03:58:54'),
(73, 61, 'Claro', 'PEN', 2250.00, 22, '2026-01-27 03:58:54', '2026-01-27 03:58:54'),
(74, 62, 'Caja Tacna', 'PEN', 9800.00, 0, '2026-01-27 03:58:54', '2026-01-27 03:58:54'),
(75, 62, 'Sedapal', 'PEN', 750.00, 0, '2026-01-27 03:58:54', '2026-01-27 03:58:54'),
(76, 63, 'Luz del Sur', 'PEN', 1180.00, 45, '2026-01-27 03:58:54', '2026-01-27 03:58:54'),
(77, 64, 'Entel', 'PEN', 3400.00, 28, '2026-01-27 03:58:54', '2026-01-27 03:58:54'),
(78, 65, 'Caja Maynas', 'PEN', 7800.00, 0, '2026-01-27 03:58:54', '2026-01-27 03:58:54'),
(79, 66, 'Financiera Compartamos', 'PEN', 4800.00, 90, '2026-01-27 03:58:54', '2026-01-27 03:58:54'),
(80, 67, 'Telefónica', 'PEN', 2100.00, 18, '2026-01-27 03:58:54', '2026-01-27 03:58:54'),
(81, 68, 'Claro', 'PEN', 1950.00, 40, '2026-01-27 03:58:54', '2026-01-27 03:58:54'),
(82, 68, 'Caja Metropolitana', 'PEN', 12500.00, 0, '2026-01-27 03:58:54', '2026-01-27 03:58:54'),
(83, 69, 'Sedapal', 'PEN', 680.00, 0, '2026-01-27 03:58:54', '2026-01-27 03:58:54'),
(84, 70, 'Luz del Sur', 'PEN', 1320.00, 25, '2026-01-27 03:58:54', '2026-01-27 03:58:54'),
(85, 71, 'Entel', 'PEN', 2850.00, 78, '2026-01-27 03:58:54', '2026-01-27 03:58:54'),
(86, 72, 'Caja Arequipa', 'PEN', 10200.00, 0, '2026-01-27 03:58:54', '2026-01-27 03:58:54'),
(87, 73, 'Financiera Confianza', 'PEN', 5200.00, 52, '2026-01-27 03:58:54', '2026-01-27 03:58:54'),
(88, 74, 'Telefónica', 'PEN', 1800.00, 20, '2026-01-27 03:58:54', '2026-01-27 03:58:54'),
(89, 74, 'Claro', 'PEN', 2350.00, 0, '2026-01-27 03:58:54', '2026-01-27 03:58:54'),
(90, 75, 'Caja Huancayo', 'PEN', 8500.00, 0, '2026-01-27 03:58:54', '2026-01-27 03:58:54'),
(91, 76, 'Sedapal', 'PEN', 880.00, 48, '2026-01-27 03:58:54', '2026-01-27 03:58:54'),
(92, 77, 'Luz del Sur', 'PEN', 1080.00, 15, '2026-01-27 03:58:54', '2026-01-27 03:58:54'),
(93, 78, 'Entel', 'PEN', 3600.00, 85, '2026-01-27 03:58:54', '2026-01-27 03:58:54'),
(94, 79, 'Caja Piura', 'PEN', 9500.00, 0, '2026-01-27 03:58:54', '2026-01-27 03:58:54'),
(95, 80, 'Financiera Credinka', 'PEN', 6500.00, 28, '2026-01-27 03:58:54', '2026-01-27 03:58:54'),
(96, 80, 'Telefónica', 'PEN', 2200.00, 0, '2026-01-27 03:58:54', '2026-01-27 03:58:54'),
(97, 81, 'Claro', 'PEN', 1750.00, 42, '2026-01-27 03:58:54', '2026-01-27 03:58:54'),
(98, 82, 'Caja Sullana', 'PEN', 11800.00, 0, '2026-01-27 03:58:54', '2026-01-27 03:58:54'),
(99, 83, 'Sedapal', 'PEN', 720.00, 92, '2026-01-27 03:58:54', '2026-01-27 03:58:54'),
(100, 84, 'Luz del Sur', 'PEN', 1250.00, 22, '2026-01-27 03:58:54', '2026-01-27 03:58:54'),
(101, 85, 'Entel', 'PEN', 3000.00, 0, '2026-01-27 03:58:54', '2026-01-27 03:58:54'),
(102, 86, 'Caja Cusco', 'PEN', 7500.00, 55, '2026-01-27 03:58:54', '2026-01-27 03:58:54'),
(103, 86, 'Financiera Oh', 'PEN', 4000.00, 0, '2026-01-27 03:58:54', '2026-01-27 03:58:54'),
(104, 87, 'Telefónica', 'PEN', 1650.00, 25, '2026-01-27 03:58:54', '2026-01-27 03:58:54'),
(105, 88, 'Claro', 'PEN', 2500.00, 0, '2026-01-27 03:58:54', '2026-01-27 03:58:54'),
(106, 89, 'Caja Trujillo', 'PEN', 10800.00, 80, '2026-01-27 03:58:54', '2026-01-27 03:58:54'),
(107, 90, 'Sedapal', 'PEN', 850.00, 30, '2026-01-27 03:58:54', '2026-01-27 03:58:54'),
(108, 91, 'Luz del Sur', 'PEN', 1150.00, 45, '2026-01-27 03:58:54', '2026-01-27 03:58:54'),
(109, 92, 'Entel', 'PEN', 2900.00, 0, '2026-01-27 03:58:54', '2026-01-27 03:58:54'),
(110, 92, 'Caja Ica', 'PEN', 8000.00, 0, '2026-01-27 03:58:54', '2026-01-27 03:58:54'),
(111, 93, 'Financiera Proempresa', 'PEN', 5500.00, 18, '2026-01-27 03:58:54', '2026-01-27 03:58:54'),
(112, 94, 'Telefónica', 'PEN', 2050.00, 88, '2026-01-27 03:58:54', '2026-01-27 03:58:54'),
(113, 95, 'Claro', 'PEN', 1900.00, 0, '2026-01-27 03:58:54', '2026-01-27 03:58:54'),
(114, 96, 'Caja Tacna', 'PEN', 9200.00, 50, '2026-01-27 03:58:54', '2026-01-27 03:58:54'),
(115, 97, 'Sedapal', 'PEN', 780.00, 22, '2026-01-27 03:58:54', '2026-01-27 03:58:54'),
(116, 97, 'Luz del Sur', 'PEN', 1100.00, 0, '2026-01-27 03:58:54', '2026-01-27 03:58:54'),
(117, 98, 'Entel', 'PEN', 3300.00, 0, '2026-01-27 03:58:54', '2026-01-27 03:58:54'),
(118, 99, 'Caja Maynas', 'PEN', 7000.00, 48, '2026-01-27 03:58:54', '2026-01-27 03:58:54'),
(119, 100, 'Financiera Compartamos', 'PEN', 4500.00, 28, '2026-01-27 03:58:54', '2026-01-27 03:58:54');

-- --------------------------------------------------------

--
-- Estructura de tabla para la tabla `sessions`
--

CREATE TABLE `sessions` (
  `id` varchar(255) COLLATE utf8mb4_unicode_ci NOT NULL,
  `user_id` bigint UNSIGNED DEFAULT NULL,
  `ip_address` varchar(45) COLLATE utf8mb4_unicode_ci DEFAULT NULL,
  `user_agent` text COLLATE utf8mb4_unicode_ci,
  `payload` longtext COLLATE utf8mb4_unicode_ci NOT NULL,
  `last_activity` int NOT NULL
) ENGINE=InnoDB DEFAULT CHARSET=utf8mb4 COLLATE=utf8mb4_unicode_ci;

--
-- Volcado de datos para la tabla `sessions`
--

INSERT INTO `sessions` (`id`, `user_id`, `ip_address`, `user_agent`, `payload`, `last_activity`) VALUES
('KXpr7OnifrYm89V2Gvane23p1qtoljs1ZoHE1SCU', NULL, '127.0.0.1', 'Mozilla/5.0 (Windows NT 10.0; Win64; x64) AppleWebKit/537.36 (KHTML, like Gecko) Chrome/144.0.0.0 Safari/537.36', 'YTozOntzOjY6Il90b2tlbiI7czo0MDoiVnBHVHpFYXE0VFVXaktIdnZmU2xTbEVRT1BQRjQwZGY3UmF4cEpMUCI7czo5OiJfcHJldmlvdXMiO2E6Mjp7czozOiJ1cmwiO3M6OTE6Imh0dHBzOi8vcmVwb3J0X2dlbmVyYXRvci50ZXN0L2Rvd25sb2FkLXJlcG9ydD9maWxlPWNyZWRpdF9yZXBvcnRfMjAyNS0xMC0wMV8yMDI2LTAxLTMxLnhsc3giO3M6NToicm91dGUiO3M6MTU6InJlcG9ydC5kb3dubG9hZCI7fXM6NjoiX2ZsYXNoIjthOjI6e3M6Mzoib2xkIjthOjA6e31zOjM6Im5ldyI7YTowOnt9fX0=', 1769748161),
('u0LqbHZ9pvbVunB2iT9cCRDnTqzrxpsVBicqQWmT', NULL, '127.0.0.1', 'Mozilla/5.0 (Windows NT 10.0; Win64; x64) AppleWebKit/537.36 (KHTML, like Gecko) Chrome/144.0.0.0 Safari/537.36', 'YTozOntzOjY6Il90b2tlbiI7czo0MDoiNUhiZ0o3aGNMMFFSd3FVaTJGRnRpa0lSQzgwOHZDcFVxWGZmY0dKNCI7czo5OiJfcHJldmlvdXMiO2E6Mjp7czozOiJ1cmwiO3M6MzU6Imh0dHBzOi8vcmVwb3J0X2dlbmVyYXRvci50ZXN0L2xvZ2luIjtzOjU6InJvdXRlIjtzOjU6ImxvZ2luIjt9czo2OiJfZmxhc2giO2E6Mjp7czozOiJvbGQiO2E6MDp7fXM6MzoibmV3IjthOjA6e319fQ==', 1770090143);

-- --------------------------------------------------------

--
-- Estructura de tabla para la tabla `subscriptions`
--

CREATE TABLE `subscriptions` (
  `id` int NOT NULL,
  `full_name` varchar(255) NOT NULL,
  `document` varchar(20) NOT NULL,
  `email` varchar(255) NOT NULL,
  `phone` varchar(20) NOT NULL,
  `created_at` timestamp NULL DEFAULT CURRENT_TIMESTAMP,
  `updated_at` timestamp NULL DEFAULT CURRENT_TIMESTAMP ON UPDATE CURRENT_TIMESTAMP
) ENGINE=InnoDB DEFAULT CHARSET=utf8mb4 COLLATE=utf8mb4_0900_ai_ci;

--
-- Volcado de datos para la tabla `subscriptions`
--

INSERT INTO `subscriptions` (`id`, `full_name`, `document`, `email`, `phone`, `created_at`, `updated_at`) VALUES
(1, 'Carlos Mendoza García', '45678901', 'carlos.mendoza@gmail.com', '+51999000001', '2026-01-27 03:58:54', '2026-01-27 03:58:54'),
(2, 'María Elena Quispe Huamán', '23456789', 'maria.quispe@gmail.com', '+51999000002', '2026-01-27 03:58:54', '2026-01-27 03:58:54'),
(3, 'José Luis Fernández Torres', '34567890', 'jose.fernandez@gmail.com', '+51999000003', '2026-01-27 03:58:54', '2026-01-27 03:58:54'),
(4, 'Ana Patricia Rodríguez Silva', '56789012', 'ana.rodriguez@gmail.com', '+51999000004', '2026-01-27 03:58:54', '2026-01-27 03:58:54'),
(5, 'Luis Alberto Chávez Ramos', '67890123', 'luis.chavez@gmail.com', '+51999000005', '2026-01-27 03:58:54', '2026-01-27 03:58:54'),
(6, 'Carmen Rosa Díaz Vargas', '78901234', 'carmen.diaz@gmail.com', '+51999000006', '2026-01-27 03:58:54', '2026-01-27 03:58:54'),
(7, 'Pedro Miguel Sánchez López', '89012345', 'pedro.sanchez@gmail.com', '+51999000007', '2026-01-27 03:58:54', '2026-01-27 03:58:54'),
(8, 'Rosa María Flores Castillo', '90123456', 'rosa.flores@gmail.com', '+51999000008', '2026-01-27 03:58:54', '2026-01-27 03:58:54'),
(9, 'Juan Carlos Paredes Núñez', '12345678', 'juan.paredes@gmail.com', '+51999000009', '2026-01-27 03:58:54', '2026-01-27 03:58:54'),
(10, 'Lucía Fernanda Morales Vega', '23456780', 'lucia.morales@gmail.com', '+51999000010', '2026-01-27 03:58:54', '2026-01-27 03:58:54'),
(11, 'Ricardo Antonio Gutiérrez Paz', '34567891', 'ricardo.gutierrez@gmail.com', '+51999000011', '2026-01-27 03:58:54', '2026-01-27 03:58:54'),
(12, 'Sofía Alejandra Castro Ruiz', '45678902', 'sofia.castro@gmail.com', '+51999000012', '2026-01-27 03:58:54', '2026-01-27 03:58:54'),
(13, 'Fernando José Herrera Mendez', '56789013', 'fernando.herrera@gmail.com', '+51999000013', '2026-01-27 03:58:54', '2026-01-27 03:58:54'),
(14, 'Gabriela Inés Vargas Pinto', '67890124', 'gabriela.vargas@gmail.com', '+51999000014', '2026-01-27 03:58:54', '2026-01-27 03:58:54'),
(15, 'Diego Armando Reyes Salazar', '78901235', 'diego.reyes@gmail.com', '+51999000015', '2026-01-27 03:58:54', '2026-01-27 03:58:54'),
(16, 'Valeria Nicole Torres Aguilar', '89012346', 'valeria.torres@gmail.com', '+51999000016', '2026-01-27 03:58:54', '2026-01-27 03:58:54'),
(17, 'Andrés Felipe Romero Cruz', '90123457', 'andres.romero@gmail.com', '+51999000017', '2026-01-27 03:58:54', '2026-01-27 03:58:54'),
(18, 'Patricia Milagros Espinoza León', '12345679', 'patricia.espinoza@gmail.com', '+51999000018', '2026-01-27 03:58:54', '2026-01-27 03:58:54'),
(19, 'Miguel Ángel Delgado Ríos', '23456781', 'miguel.delgado@gmail.com', '+51999000019', '2026-01-27 03:58:54', '2026-01-27 03:58:54'),
(20, 'Claudia Beatriz Navarro Campos', '34567892', 'claudia.navarro@gmail.com', '+51999000020', '2026-01-27 03:58:54', '2026-01-27 03:58:54'),
(21, 'Roberto Carlos Medina Ortiz', '45678903', 'roberto.medina@gmail.com', '+51999000021', '2026-01-27 03:58:54', '2026-01-27 03:58:54'),
(22, 'Daniela Paola Jiménez Vera', '56789014', 'daniela.jimenez@gmail.com', '+51999000022', '2026-01-27 03:58:54', '2026-01-27 03:58:54'),
(23, 'Alejandro David Rojas Peña', '67890125', 'alejandro.rojas@gmail.com', '+51999000023', '2026-01-27 03:58:54', '2026-01-27 03:58:54'),
(24, 'Natalia Andrea Vásquez Luna', '78901236', 'natalia.vasquez@gmail.com', '+51999000024', '2026-01-27 03:58:54', '2026-01-27 03:58:54'),
(25, 'Sergio Iván Maldonado Soto', '89012347', 'sergio.maldonado@gmail.com', '+51999000025', '2026-01-27 03:58:54', '2026-01-27 03:58:54'),
(26, 'Mónica Cecilia Aguirre Montes', '90123458', 'monica.aguirre@gmail.com', '+51999000026', '2026-01-27 03:58:54', '2026-01-27 03:58:54'),
(27, 'Héctor Manuel Carrasco Bravo', '12345680', 'hector.carrasco@gmail.com', '+51999000027', '2026-01-27 03:58:54', '2026-01-27 03:58:54'),
(28, 'Adriana Lucero Palacios Cano', '23456782', 'adriana.palacios@gmail.com', '+51999000028', '2026-01-27 03:58:54', '2026-01-27 03:58:54'),
(29, 'Óscar Eduardo Figueroa Lara', '34567893', 'oscar.figueroa@gmail.com', '+51999000029', '2026-01-27 03:58:54', '2026-01-27 03:58:54'),
(30, 'Verónica Isabel Contreras Mora', '45678904', 'veronica.contreras@gmail.com', '+51999000030', '2026-01-27 03:58:54', '2026-01-27 03:58:54'),
(31, 'Raúl Ernesto Cabrera Solís', '56789015', 'raul.cabrera@gmail.com', '+51999000031', '2026-01-27 03:58:54', '2026-01-27 03:58:54'),
(32, 'Lorena Marisol Guerrero Ponce', '67890126', 'lorena.guerrero@gmail.com', '+51999000032', '2026-01-27 03:58:54', '2026-01-27 03:58:54'),
(33, 'Julio César Acosta Valdez', '78901237', 'julio.acosta@gmail.com', '+51999000033', '2026-01-27 03:58:54', '2026-01-27 03:58:54'),
(34, 'Silvia Paola Ibarra Fuentes', '89012348', 'silvia.ibarra@gmail.com', '+51999000034', '2026-01-27 03:58:54', '2026-01-27 03:58:54'),
(35, 'Enrique Alberto Miranda Ochoa', '90123459', 'enrique.miranda@gmail.com', '+51999000035', '2026-01-27 03:58:54', '2026-01-27 03:58:54'),
(36, 'Fabiola Cristina Peña Duarte', '12345681', 'fabiola.pena@gmail.com', '+51999000036', '2026-01-27 03:58:54', '2026-01-27 03:58:54'),
(37, 'Gustavo Adolfo Salinas Quiroz', '23456783', 'gustavo.salinas@gmail.com', '+51999000037', '2026-01-27 03:58:54', '2026-01-27 03:58:54'),
(38, 'Mariana Soledad Campos Ávila', '34567894', 'mariana.campos@gmail.com', '+51999000038', '2026-01-27 03:58:54', '2026-01-27 03:58:54'),
(39, 'Arturo Javier Molina Escobar', '45678905', 'arturo.molina@gmail.com', '+51999000039', '2026-01-27 03:58:54', '2026-01-27 03:58:54'),
(40, 'Carolina Andrea Rivas Gallegos', '56789016', 'carolina.rivas@gmail.com', '+51999000040', '2026-01-27 03:58:54', '2026-01-27 03:58:54'),
(41, 'Pablo Nicolás Sandoval Mejía', '67890127', 'pablo.sandoval@gmail.com', '+51999000041', '2026-01-27 03:58:54', '2026-01-27 03:58:54'),
(42, 'Elena Beatriz Cortés Zamora', '78901238', 'elena.cortes@gmail.com', '+51999000042', '2026-01-27 03:58:54', '2026-01-27 03:58:54'),
(43, 'Víctor Hugo Domínguez Arce', '89012349', 'victor.dominguez@gmail.com', '+51999000043', '2026-01-27 03:58:54', '2026-01-27 03:58:54'),
(44, 'Jimena Alejandra León Pacheco', '90123460', 'jimena.leon@gmail.com', '+51999000044', '2026-01-27 03:58:54', '2026-01-27 03:58:54'),
(45, 'Mauricio René Ortega Villar', '12345682', 'mauricio.ortega@gmail.com', '+51999000045', '2026-01-27 03:58:54', '2026-01-27 03:58:54'),
(46, 'Paola Fernanda Suárez Coronado', '23456784', 'paola.suarez@gmail.com', '+51999000046', '2026-01-27 03:58:54', '2026-01-27 03:58:54'),
(47, 'Ignacio Martín Vera Alvarado', '34567895', 'ignacio.vera@gmail.com', '+51999000047', '2026-01-27 03:58:54', '2026-01-27 03:58:54'),
(48, 'Camila Valentina Núñez Benítez', '45678906', 'camila.nunez@gmail.com', '+51999000048', '2026-01-27 03:58:54', '2026-01-27 03:58:54'),
(49, 'Rodrigo Sebastián Cruz Montoya', '56789017', 'rodrigo.cruz@gmail.com', '+51999000049', '2026-01-27 03:58:54', '2026-01-27 03:58:54'),
(50, 'Luciana Belén Ramírez Cordero', '67890128', 'luciana.ramirez@gmail.com', '+51999000050', '2026-01-27 03:58:54', '2026-01-27 03:58:54'),
(51, 'Martín Eduardo Soto Villalobos', '78901239', 'martin.soto@gmail.com', '+51999000051', '2026-01-27 03:58:54', '2026-01-27 03:58:54'),
(52, 'Isabella Fernanda Moreno Salas', '89012350', 'isabella.moreno@gmail.com', '+51999000052', '2026-01-27 03:58:54', '2026-01-27 03:58:54'),
(53, 'Sebastián Alonso Arias Bustamante', '90123461', 'sebastian.arias@gmail.com', '+51999000053', '2026-01-27 03:58:54', '2026-01-27 03:58:54'),
(54, 'Antonella Milagros Gil Paredes', '12345683', 'antonella.gil@gmail.com', '+51999000054', '2026-01-27 03:58:54', '2026-01-27 03:58:54'),
(55, 'Nicolás Andrés Ruiz Sepúlveda', '23456785', 'nicolas.ruiz@gmail.com', '+51999000055', '2026-01-27 03:58:54', '2026-01-27 03:58:54'),
(56, 'Renata Sofía Herrera Valenzuela', '34567896', 'renata.herrera@gmail.com', '+51999000056', '2026-01-27 03:58:54', '2026-01-27 03:58:54'),
(57, 'Emilio Francisco Castillo Araya', '45678907', 'emilio.castillo@gmail.com', '+51999000057', '2026-01-27 03:58:54', '2026-01-27 03:58:54'),
(58, 'Valentina Paz Vega Contreras', '56789018', 'valentina.vega@gmail.com', '+51999000058', '2026-01-27 03:58:54', '2026-01-27 03:58:54'),
(59, 'Tomás Ignacio Pinto Figueroa', '67890129', 'tomas.pinto@gmail.com', '+51999000059', '2026-01-27 03:58:54', '2026-01-27 03:58:54'),
(60, 'Catalina Andrea Muñoz Espinosa', '78901240', 'catalina.munoz@gmail.com', '+51999000060', '2026-01-27 03:58:54', '2026-01-27 03:58:54'),
(61, 'Matías Felipe Lagos Guerrero', '89012351', 'matias.lagos@gmail.com', '+51999000061', '2026-01-27 03:58:54', '2026-01-27 03:58:54'),
(62, 'Florencia Isidora Bravo Carrasco', '90123462', 'florencia.bravo@gmail.com', '+51999000062', '2026-01-27 03:58:54', '2026-01-27 03:58:54'),
(63, 'Benjamín Esteban Fuentes Acosta', '12345684', 'benjamin.fuentes@gmail.com', '+51999000063', '2026-01-27 03:58:54', '2026-01-27 03:58:54'),
(64, 'Agustina Macarena Rojas Ibarra', '23456786', 'agustina.rojas@gmail.com', '+51999000064', '2026-01-27 03:58:54', '2026-01-27 03:58:54'),
(65, 'Lucas Gabriel Peña Miranda', '34567897', 'lucas.pena@gmail.com', '+51999000065', '2026-01-27 03:58:54', '2026-01-27 03:58:54'),
(66, 'Josefina Antonia Salazar Peña', '45678908', 'josefina.salazar@gmail.com', '+51999000066', '2026-01-27 03:58:54', '2026-01-27 03:58:54'),
(67, 'Santiago José Quiroz Salinas', '56789019', 'santiago.quiroz@gmail.com', '+51999000067', '2026-01-27 03:58:54', '2026-01-27 03:58:54'),
(68, 'Amanda Cristina Ávila Campos', '67890130', 'amanda.avila@gmail.com', '+51999000068', '2026-01-27 03:58:54', '2026-01-27 03:58:54'),
(69, 'Felipe Andrés Escobar Molina', '78901241', 'felipe.escobar@gmail.com', '+51999000069', '2026-01-27 03:58:54', '2026-01-27 03:58:54'),
(70, 'Constanza Belén Gallegos Rivas', '89012352', 'constanza.gallegos@gmail.com', '+51999000070', '2026-01-27 03:58:54', '2026-01-27 03:58:54'),
(71, 'Joaquín Alonso Mejía Sandoval', '90123463', 'joaquin.mejia@gmail.com', '+51999000071', '2026-01-27 03:58:54', '2026-01-27 03:58:54'),
(72, 'Trinidad Esperanza Zamora Cortés', '12345685', 'trinidad.zamora@gmail.com', '+51999000072', '2026-01-27 03:58:54', '2026-01-27 03:58:54'),
(73, 'Maximiliano José Arce Domínguez', '23456787', 'maximiliano.arce@gmail.com', '+51999000073', '2026-01-27 03:58:54', '2026-01-27 03:58:54'),
(74, 'Francisca Javiera Pacheco León', '34567898', 'francisca.pacheco@gmail.com', '+51999000074', '2026-01-27 03:58:54', '2026-01-27 03:58:54'),
(75, 'Vicente Tomás Villar Ortega', '45678909', 'vicente.villar@gmail.com', '+51999000075', '2026-01-27 03:58:54', '2026-01-27 03:58:54'),
(76, 'Isidora Fernanda Coronado Suárez', '56789020', 'isidora.coronado@gmail.com', '+51999000076', '2026-01-27 03:58:54', '2026-01-27 03:58:54'),
(77, 'Cristóbal Mateo Alvarado Vera', '67890131', 'cristobal.alvarado@gmail.com', '+51999000077', '2026-01-27 03:58:54', '2026-01-27 03:58:54'),
(78, 'Maite Alejandra Benítez Núñez', '78901242', 'maite.benitez@gmail.com', '+51999000078', '2026-01-27 03:58:54', '2026-01-27 03:58:54'),
(79, 'Alonso Sebastián Montoya Cruz', '89012353', 'alonso.montoya@gmail.com', '+51999000079', '2026-01-27 03:58:54', '2026-01-27 03:58:54'),
(80, 'Emilia Catalina Cordero Ramírez', '90123464', 'emilia.cordero@gmail.com', '+51999000080', '2026-01-27 03:58:54', '2026-01-27 03:58:54'),
(81, 'Bruno Ignacio Villalobos Soto', '12345686', 'bruno.villalobos@gmail.com', '+51999000081', '2026-01-27 03:58:54', '2026-01-27 03:58:54'),
(82, 'Martina Isidora Salas Moreno', '23456788', 'martina.salas@gmail.com', '+51999000082', '2026-01-27 03:58:54', '2026-01-27 03:58:54'),
(83, 'Gaspar Eduardo Bustamante Arias', '34567899', 'gaspar.bustamante@gmail.com', '+51999000083', '2026-01-27 03:58:54', '2026-01-27 03:58:54'),
(84, 'Amparo Soledad Paredes Gil', '45678910', 'amparo.paredes@gmail.com', '+51999000084', '2026-01-27 03:58:54', '2026-01-27 03:58:54'),
(85, 'León Maximiliano Sepúlveda Ruiz', '56789021', 'leon.sepulveda@gmail.com', '+51999000085', '2026-01-27 03:58:54', '2026-01-27 03:58:54'),
(86, 'Rocío Esperanza Valenzuela Herrera', '67890132', 'rocio.valenzuela@gmail.com', '+51999000086', '2026-01-27 03:58:54', '2026-01-27 03:58:54'),
(87, 'Damián Nicolás Araya Castillo', '78901243', 'damian.araya@gmail.com', '+51999000087', '2026-01-27 03:58:54', '2026-01-27 03:58:54'),
(88, 'Aurora Valentina Contreras Vega', '89012354', 'aurora.contreras@gmail.com', '+51999000088', '2026-01-27 03:58:54', '2026-01-27 03:58:54'),
(89, 'Simón Alejandro Figueroa Pinto', '90123465', 'simon.figueroa@gmail.com', '+51999000089', '2026-01-27 03:58:54', '2026-01-27 03:58:54'),
(90, 'Julieta Fernanda Espinosa Muñoz', '12345687', 'julieta.espinosa@gmail.com', '+51999000090', '2026-01-27 03:58:54', '2026-01-27 03:58:54'),
(91, 'Facundo Martín Guerrero Lagos', '23456789', 'facundo.guerrero@gmail.com', '+51999000091', '2026-01-27 03:58:54', '2026-01-27 03:58:54'),
(92, 'Alma Isidora Carrasco Bravo', '34567800', 'alma.carrasco@gmail.com', '+51999000092', '2026-01-27 03:58:54', '2026-01-27 03:58:54'),
(93, 'Thiago Benjamín Acosta Fuentes', '45678911', 'thiago.acosta@gmail.com', '+51999000093', '2026-01-27 03:58:54', '2026-01-27 03:58:54'),
(94, 'Olivia Macarena Ibarra Rojas', '56789022', 'olivia.ibarra@gmail.com', '+51999000094', '2026-01-27 03:58:54', '2026-01-27 03:58:54'),
(95, 'Ian Sebastián Miranda Peña', '67890133', 'ian.miranda@gmail.com', '+51999000095', '2026-01-27 03:58:54', '2026-01-27 03:58:54'),
(96, 'Bianca Antonella Peña Salazar', '78901244', 'bianca.pena@gmail.com', '+51999000096', '2026-01-27 03:58:54', '2026-01-27 03:58:54'),
(97, 'Dylan Cristóbal Salinas Quiroz', '89012355', 'dylan.salinas@gmail.com', '+51999000097', '2026-01-27 03:58:54', '2026-01-27 03:58:54'),
(98, 'Mía Fernanda Campos Ávila', '90123466', 'mia.campos@gmail.com', '+51999000098', '2026-01-27 03:58:54', '2026-01-27 03:58:54'),
(99, 'Liam Eduardo Molina Escobar', '12345688', 'liam.molina@gmail.com', '+51999000099', '2026-01-27 03:58:54', '2026-01-27 03:58:54'),
(100, 'Emma Valentina Rivas Gallegos', '23456790', 'emma.rivas@gmail.com', '+51999000100', '2026-01-27 03:58:54', '2026-01-27 03:58:54');

-- --------------------------------------------------------

--
-- Estructura de tabla para la tabla `subscription_reports`
--

CREATE TABLE `subscription_reports` (
  `id` int NOT NULL,
  `subscription_id` int NOT NULL,
  `period` varchar(7) NOT NULL,
  `created_at` timestamp NULL DEFAULT CURRENT_TIMESTAMP,
  `updated_at` timestamp NULL DEFAULT CURRENT_TIMESTAMP ON UPDATE CURRENT_TIMESTAMP
) ENGINE=InnoDB DEFAULT CHARSET=utf8mb4 COLLATE=utf8mb4_0900_ai_ci;

--
-- Volcado de datos para la tabla `subscription_reports`
--

INSERT INTO `subscription_reports` (`id`, `subscription_id`, `period`, `created_at`, `updated_at`) VALUES
(1, 1, '2025-12', '2026-01-27 03:58:54', '2026-01-27 03:58:54'),
(2, 2, '2025-12', '2026-01-27 03:58:54', '2026-01-27 03:58:54'),
(3, 3, '2025-12', '2026-01-27 03:58:54', '2026-01-27 03:58:54'),
(4, 4, '2025-12', '2026-01-27 03:58:54', '2026-01-27 03:58:54'),
(5, 5, '2025-12', '2026-01-27 03:58:54', '2026-01-27 03:58:54'),
(6, 6, '2025-12', '2026-01-27 03:58:54', '2026-01-27 03:58:54'),
(7, 7, '2025-12', '2026-01-27 03:58:54', '2026-01-27 03:58:54'),
(8, 8, '2025-12', '2026-01-27 03:58:54', '2026-01-27 03:58:54'),
(9, 9, '2025-12', '2026-01-27 03:58:54', '2026-01-27 03:58:54'),
(10, 10, '2025-12', '2026-01-27 03:58:54', '2026-01-27 03:58:54'),
(11, 11, '2025-12', '2026-01-27 03:58:54', '2026-01-27 03:58:54'),
(12, 12, '2025-12', '2026-01-27 03:58:54', '2026-01-27 03:58:54'),
(13, 13, '2025-12', '2026-01-27 03:58:54', '2026-01-27 03:58:54'),
(14, 14, '2025-12', '2026-01-27 03:58:54', '2026-01-27 03:58:54'),
(15, 15, '2025-12', '2026-01-27 03:58:54', '2026-01-27 03:58:54'),
(16, 16, '2025-12', '2026-01-27 03:58:54', '2026-01-27 03:58:54'),
(17, 17, '2025-12', '2026-01-27 03:58:54', '2026-01-27 03:58:54'),
(18, 18, '2025-12', '2026-01-27 03:58:54', '2026-01-27 03:58:54'),
(19, 19, '2025-12', '2026-01-27 03:58:54', '2026-01-27 03:58:54'),
(20, 20, '2025-12', '2026-01-27 03:58:54', '2026-01-27 03:58:54'),
(21, 21, '2025-12', '2026-01-27 03:58:54', '2026-01-27 03:58:54'),
(22, 22, '2025-12', '2026-01-27 03:58:54', '2026-01-27 03:58:54'),
(23, 23, '2025-12', '2026-01-27 03:58:54', '2026-01-27 03:58:54'),
(24, 24, '2025-12', '2026-01-27 03:58:54', '2026-01-27 03:58:54'),
(25, 25, '2025-12', '2026-01-27 03:58:54', '2026-01-27 03:58:54'),
(26, 26, '2025-12', '2026-01-27 03:58:54', '2026-01-27 03:58:54'),
(27, 27, '2025-12', '2026-01-27 03:58:54', '2026-01-27 03:58:54'),
(28, 28, '2025-12', '2026-01-27 03:58:54', '2026-01-27 03:58:54'),
(29, 29, '2025-12', '2026-01-27 03:58:54', '2026-01-27 03:58:54'),
(30, 30, '2025-12', '2026-01-27 03:58:54', '2026-01-27 03:58:54'),
(31, 31, '2025-12', '2026-01-27 03:58:54', '2026-01-27 03:58:54'),
(32, 32, '2025-12', '2026-01-27 03:58:54', '2026-01-27 03:58:54'),
(33, 33, '2025-12', '2026-01-27 03:58:54', '2026-01-27 03:58:54'),
(34, 34, '2025-12', '2026-01-27 03:58:54', '2026-01-27 03:58:54'),
(35, 35, '2025-12', '2026-01-27 03:58:54', '2026-01-27 03:58:54'),
(36, 36, '2025-12', '2026-01-27 03:58:54', '2026-01-27 03:58:54'),
(37, 37, '2025-12', '2026-01-27 03:58:54', '2026-01-27 03:58:54'),
(38, 38, '2025-12', '2026-01-27 03:58:54', '2026-01-27 03:58:54'),
(39, 39, '2025-12', '2026-01-27 03:58:54', '2026-01-27 03:58:54'),
(40, 40, '2025-12', '2026-01-27 03:58:54', '2026-01-27 03:58:54'),
(41, 41, '2025-12', '2026-01-27 03:58:54', '2026-01-27 03:58:54'),
(42, 42, '2025-12', '2026-01-27 03:58:54', '2026-01-27 03:58:54'),
(43, 43, '2025-12', '2026-01-27 03:58:54', '2026-01-27 03:58:54'),
(44, 44, '2025-12', '2026-01-27 03:58:54', '2026-01-27 03:58:54'),
(45, 45, '2025-12', '2026-01-27 03:58:54', '2026-01-27 03:58:54'),
(46, 46, '2025-12', '2026-01-27 03:58:54', '2026-01-27 03:58:54'),
(47, 47, '2025-12', '2026-01-27 03:58:54', '2026-01-27 03:58:54'),
(48, 48, '2025-12', '2026-01-27 03:58:54', '2026-01-27 03:58:54'),
(49, 49, '2025-12', '2026-01-27 03:58:54', '2026-01-27 03:58:54'),
(50, 50, '2025-12', '2026-01-27 03:58:54', '2026-01-27 03:58:54'),
(51, 51, '2025-12', '2026-01-27 03:58:54', '2026-01-27 03:58:54'),
(52, 52, '2025-12', '2026-01-27 03:58:54', '2026-01-27 03:58:54'),
(53, 53, '2025-12', '2026-01-27 03:58:54', '2026-01-27 03:58:54'),
(54, 54, '2025-12', '2026-01-27 03:58:54', '2026-01-27 03:58:54'),
(55, 55, '2025-12', '2026-01-27 03:58:54', '2026-01-27 03:58:54'),
(56, 56, '2025-12', '2026-01-27 03:58:54', '2026-01-27 03:58:54'),
(57, 57, '2025-12', '2026-01-27 03:58:54', '2026-01-27 03:58:54'),
(58, 58, '2025-12', '2026-01-27 03:58:54', '2026-01-27 03:58:54'),
(59, 59, '2025-12', '2026-01-27 03:58:54', '2026-01-27 03:58:54'),
(60, 60, '2025-12', '2026-01-27 03:58:54', '2026-01-27 03:58:54'),
(61, 61, '2025-12', '2026-01-27 03:58:54', '2026-01-27 03:58:54'),
(62, 62, '2025-12', '2026-01-27 03:58:54', '2026-01-27 03:58:54'),
(63, 63, '2025-12', '2026-01-27 03:58:54', '2026-01-27 03:58:54'),
(64, 64, '2025-12', '2026-01-27 03:58:54', '2026-01-27 03:58:54'),
(65, 65, '2025-12', '2026-01-27 03:58:54', '2026-01-27 03:58:54'),
(66, 66, '2025-12', '2026-01-27 03:58:54', '2026-01-27 03:58:54'),
(67, 67, '2025-12', '2026-01-27 03:58:54', '2026-01-27 03:58:54'),
(68, 68, '2025-12', '2026-01-27 03:58:54', '2026-01-27 03:58:54'),
(69, 69, '2025-12', '2026-01-27 03:58:54', '2026-01-27 03:58:54'),
(70, 70, '2025-12', '2026-01-27 03:58:54', '2026-01-27 03:58:54'),
(71, 71, '2025-12', '2026-01-27 03:58:54', '2026-01-27 03:58:54'),
(72, 72, '2025-12', '2026-01-27 03:58:54', '2026-01-27 03:58:54'),
(73, 73, '2025-12', '2026-01-27 03:58:54', '2026-01-27 03:58:54'),
(74, 74, '2025-12', '2026-01-27 03:58:54', '2026-01-27 03:58:54'),
(75, 75, '2025-12', '2026-01-27 03:58:54', '2026-01-27 03:58:54'),
(76, 76, '2025-12', '2026-01-27 03:58:54', '2026-01-27 03:58:54'),
(77, 77, '2025-12', '2026-01-27 03:58:54', '2026-01-27 03:58:54'),
(78, 78, '2025-12', '2026-01-27 03:58:54', '2026-01-27 03:58:54'),
(79, 79, '2025-12', '2026-01-27 03:58:54', '2026-01-27 03:58:54'),
(80, 80, '2025-12', '2026-01-27 03:58:54', '2026-01-27 03:58:54'),
(81, 81, '2025-12', '2026-01-27 03:58:54', '2026-01-27 03:58:54'),
(82, 82, '2025-12', '2026-01-27 03:58:54', '2026-01-27 03:58:54'),
(83, 83, '2025-12', '2026-01-27 03:58:54', '2026-01-27 03:58:54'),
(84, 84, '2025-12', '2026-01-27 03:58:54', '2026-01-27 03:58:54'),
(85, 85, '2025-12', '2026-01-27 03:58:54', '2026-01-27 03:58:54'),
(86, 86, '2025-12', '2026-01-27 03:58:54', '2026-01-27 03:58:54'),
(87, 87, '2025-12', '2026-01-27 03:58:54', '2026-01-27 03:58:54'),
(88, 88, '2025-12', '2026-01-27 03:58:54', '2026-01-27 03:58:54'),
(89, 89, '2025-12', '2026-01-27 03:58:54', '2026-01-27 03:58:54'),
(90, 90, '2025-12', '2026-01-27 03:58:54', '2026-01-27 03:58:54'),
(91, 91, '2025-12', '2026-01-27 03:58:54', '2026-01-27 03:58:54'),
(92, 92, '2025-12', '2026-01-27 03:58:54', '2026-01-27 03:58:54'),
(93, 93, '2025-12', '2026-01-27 03:58:54', '2026-01-27 03:58:54'),
(94, 94, '2025-12', '2026-01-27 03:58:54', '2026-01-27 03:58:54'),
(95, 95, '2025-12', '2026-01-27 03:58:54', '2026-01-27 03:58:54'),
(96, 96, '2025-12', '2026-01-27 03:58:54', '2026-01-27 03:58:54'),
(97, 97, '2025-12', '2026-01-27 03:58:54', '2026-01-27 03:58:54'),
(98, 98, '2025-12', '2026-01-27 03:58:54', '2026-01-27 03:58:54'),
(99, 99, '2025-12', '2026-01-27 03:58:54', '2026-01-27 03:58:54'),
(100, 100, '2025-12', '2026-01-27 03:58:54', '2026-01-27 03:58:54');

-- --------------------------------------------------------

--
-- Estructura de tabla para la tabla `users`
--

CREATE TABLE `users` (
  `id` bigint UNSIGNED NOT NULL,
  `name` varchar(255) COLLATE utf8mb4_unicode_ci NOT NULL,
  `email` varchar(255) COLLATE utf8mb4_unicode_ci NOT NULL,
  `email_verified_at` timestamp NULL DEFAULT NULL,
  `password` varchar(255) COLLATE utf8mb4_unicode_ci NOT NULL,
  `two_factor_secret` text COLLATE utf8mb4_unicode_ci,
  `two_factor_recovery_codes` text COLLATE utf8mb4_unicode_ci,
  `two_factor_confirmed_at` timestamp NULL DEFAULT NULL,
  `remember_token` varchar(100) COLLATE utf8mb4_unicode_ci DEFAULT NULL,
  `created_at` timestamp NULL DEFAULT NULL,
  `updated_at` timestamp NULL DEFAULT NULL
) ENGINE=InnoDB DEFAULT CHARSET=utf8mb4 COLLATE=utf8mb4_unicode_ci;

--
-- Índices para tablas volcadas
--

--
-- Indices de la tabla `cache`
--
ALTER TABLE `cache`
  ADD PRIMARY KEY (`key`),
  ADD KEY `cache_expiration_index` (`expiration`);

--
-- Indices de la tabla `cache_locks`
--
ALTER TABLE `cache_locks`
  ADD PRIMARY KEY (`key`),
  ADD KEY `cache_locks_expiration_index` (`expiration`);

--
-- Indices de la tabla `failed_jobs`
--
ALTER TABLE `failed_jobs`
  ADD PRIMARY KEY (`id`),
  ADD UNIQUE KEY `failed_jobs_uuid_unique` (`uuid`);

--
-- Indices de la tabla `jobs`
--
ALTER TABLE `jobs`
  ADD PRIMARY KEY (`id`),
  ADD KEY `jobs_queue_index` (`queue`);

--
-- Indices de la tabla `job_batches`
--
ALTER TABLE `job_batches`
  ADD PRIMARY KEY (`id`);

--
-- Indices de la tabla `migrations`
--
ALTER TABLE `migrations`
  ADD PRIMARY KEY (`id`);

--
-- Indices de la tabla `password_reset_tokens`
--
ALTER TABLE `password_reset_tokens`
  ADD PRIMARY KEY (`email`);

--
-- Indices de la tabla `report_credit_cards`
--
ALTER TABLE `report_credit_cards`
  ADD PRIMARY KEY (`id`),
  ADD KEY `subscription_report_id` (`subscription_report_id`);

--
-- Indices de la tabla `report_loans`
--
ALTER TABLE `report_loans`
  ADD PRIMARY KEY (`id`),
  ADD KEY `subscription_report_id` (`subscription_report_id`);

--
-- Indices de la tabla `report_other_debts`
--
ALTER TABLE `report_other_debts`
  ADD PRIMARY KEY (`id`),
  ADD KEY `subscription_report_id` (`subscription_report_id`);

--
-- Indices de la tabla `sessions`
--
ALTER TABLE `sessions`
  ADD PRIMARY KEY (`id`),
  ADD KEY `sessions_user_id_index` (`user_id`),
  ADD KEY `sessions_last_activity_index` (`last_activity`);

--
-- Indices de la tabla `subscriptions`
--
ALTER TABLE `subscriptions`
  ADD PRIMARY KEY (`id`);

--
-- Indices de la tabla `subscription_reports`
--
ALTER TABLE `subscription_reports`
  ADD PRIMARY KEY (`id`),
  ADD KEY `subscription_id` (`subscription_id`);

--
-- Indices de la tabla `users`
--
ALTER TABLE `users`
  ADD PRIMARY KEY (`id`),
  ADD UNIQUE KEY `users_email_unique` (`email`);

--
-- AUTO_INCREMENT de las tablas volcadas
--

--
-- AUTO_INCREMENT de la tabla `failed_jobs`
--
ALTER TABLE `failed_jobs`
  MODIFY `id` bigint UNSIGNED NOT NULL AUTO_INCREMENT;

--
-- AUTO_INCREMENT de la tabla `jobs`
--
ALTER TABLE `jobs`
  MODIFY `id` bigint UNSIGNED NOT NULL AUTO_INCREMENT, AUTO_INCREMENT=37;

--
-- AUTO_INCREMENT de la tabla `migrations`
--
ALTER TABLE `migrations`
  MODIFY `id` int UNSIGNED NOT NULL AUTO_INCREMENT, AUTO_INCREMENT=5;

--
-- AUTO_INCREMENT de la tabla `report_credit_cards`
--
ALTER TABLE `report_credit_cards`
  MODIFY `id` int NOT NULL AUTO_INCREMENT, AUTO_INCREMENT=128;

--
-- AUTO_INCREMENT de la tabla `report_loans`
--
ALTER TABLE `report_loans`
  MODIFY `id` int NOT NULL AUTO_INCREMENT, AUTO_INCREMENT=142;

--
-- AUTO_INCREMENT de la tabla `report_other_debts`
--
ALTER TABLE `report_other_debts`
  MODIFY `id` int NOT NULL AUTO_INCREMENT, AUTO_INCREMENT=120;

--
-- AUTO_INCREMENT de la tabla `subscriptions`
--
ALTER TABLE `subscriptions`
  MODIFY `id` int NOT NULL AUTO_INCREMENT, AUTO_INCREMENT=101;

--
-- AUTO_INCREMENT de la tabla `subscription_reports`
--
ALTER TABLE `subscription_reports`
  MODIFY `id` int NOT NULL AUTO_INCREMENT, AUTO_INCREMENT=101;

--
-- AUTO_INCREMENT de la tabla `users`
--
ALTER TABLE `users`
  MODIFY `id` bigint UNSIGNED NOT NULL AUTO_INCREMENT;

--
-- Restricciones para tablas volcadas
--

--
-- Filtros para la tabla `report_credit_cards`
--
ALTER TABLE `report_credit_cards`
  ADD CONSTRAINT `report_credit_cards_ibfk_1` FOREIGN KEY (`subscription_report_id`) REFERENCES `subscription_reports` (`id`) ON DELETE CASCADE;

--
-- Filtros para la tabla `report_loans`
--
ALTER TABLE `report_loans`
  ADD CONSTRAINT `report_loans_ibfk_1` FOREIGN KEY (`subscription_report_id`) REFERENCES `subscription_reports` (`id`) ON DELETE CASCADE;

--
-- Filtros para la tabla `report_other_debts`
--
ALTER TABLE `report_other_debts`
  ADD CONSTRAINT `report_other_debts_ibfk_1` FOREIGN KEY (`subscription_report_id`) REFERENCES `subscription_reports` (`id`) ON DELETE CASCADE;

--
-- Filtros para la tabla `subscription_reports`
--
ALTER TABLE `subscription_reports`
  ADD CONSTRAINT `subscription_reports_ibfk_1` FOREIGN KEY (`subscription_id`) REFERENCES `subscriptions` (`id`) ON DELETE CASCADE;
COMMIT;

/*!40101 SET CHARACTER_SET_CLIENT=@OLD_CHARACTER_SET_CLIENT */;
/*!40101 SET CHARACTER_SET_RESULTS=@OLD_CHARACTER_SET_RESULTS */;
/*!40101 SET COLLATION_CONNECTION=@OLD_COLLATION_CONNECTION */;
